Dataset,Sample_Index,Observed,Predicted,Residual,Standardized_Residual,Residual_Outlier_absSR_gt_3
Train_OOF,1,4.18,3.5924999999999865,0.5875000000000132,0.7851087193847935,False
Train_OOF,2,5.096910013,4.345506075820515,0.751403937179485,1.0041426091228323,False
Train_OOF,3,5.372634143,6.204211184586667,-0.8315770415866668,-1.1112823594721506,False
Train_OOF,4,4.995678626,5.5206729169699935,-0.5249942909699934,-0.7015788859025871,False
Train_OOF,5,4.397940009,4.727887860807681,-0.32994785180768105,-0.44092754961104047,False
Train_OOF,6,3.0,4.505996731416654,-1.505996731416654,-2.012546664170532,False
Train_OOF,7,5.698970004,4.465978244100004,1.2329917598999964,1.64771503255671,False
Train_OOF,8,4.698970004,5.0635398321052545,-0.36456982810525407,-0.48719480999156406,False
Train_OOF,9,3.53,4.096448064000007,-0.5664480640000069,-0.75697585382984,False
Train_OOF,10,3.71,3.173867743666673,0.5361322563333268,0.7164631645799636,False
Train_OOF,11,5.853871964,4.87044351199999,0.9834284520000098,1.3142097915851578,False
Train_OOF,12,4.958607315,4.685204432916667,0.2734028820833334,0.365363381495409,False
Train_OOF,13,4.173925197,4.727887860807681,-0.5539626638076811,-0.7402909235217492,False
Train_OOF,14,2.71,5.0635398321052545,-2.3535398321052545,-3.1451653508173902,True
Train_OOF,15,5.0,4.345506075820515,0.6544939241794854,0.87463640282157,False
Train_OOF,16,4.890084137,4.748237793666671,0.14184634333332902,0.18955710802356285,False
Train_OOF,17,6.036212173,6.005414946553327,0.03079722644667271,0.04115603577217049,False
Train_OOF,18,4.48148606,4.465978244100004,0.015507815899995947,0.02072395145821393,False
Train_OOF,19,3.931814138,3.9299999999999984,0.0018141380000016305,0.00242433287143581,False
Train_OOF,20,4.91721463,4.917214629999992,7.993605777301127e-15,1.0682297183121079e-14,False
Train_OOF,21,4.924453039,4.345506075820515,0.5789469631794857,0.7736788235805123,False
Train_OOF,22,5.638272164,5.345642012249989,0.2926301517500107,0.3910578445852316,False
Train_OOF,23,3.935542011,4.727887860807681,-0.7923458498076812,-1.0588555497061285,False
Train_OOF,24,4.931814138,4.345506075820515,0.5863080621794854,0.7835158670003495,False
Train_OOF,25,6.026872146,5.956609306466652,0.07026283953334733,0.09389611568742864,False
Train_OOF,26,4.721246399,4.465978244100004,0.255268154899996,0.34112894330766036,False
Train_OOF,27,4.236572006,4.506472534839999,-0.26990052883999915,-0.36068299329165193,False
Train_OOF,28,2.3,4.37552819015385,-2.0755281901538503,-2.7736430287977716,False
Train_OOF,29,5.045757491,5.756976021593339,-0.7112185305933396,-0.9504406293733768,False
Train_OOF,30,5.568636236,5.568636235999983,1.687538997430238e-14,2.2551516275477834e-14,False
Train_OOF,31,3.0,3.173867743666673,-0.17386774366667312,-0.23234907501695695,False
Train_OOF,32,3.41,3.173867743666673,0.23613225633332702,0.3155565844685889,False
Train_OOF,33,5.15490196,4.748237793666671,0.40666416633332947,0.5434478005951281,False
Train_OOF,34,4.27572413,4.727887860807681,-0.4521637308076807,-0.6042513832283586,False
Train_OOF,35,4.537602002,3.173867743666673,1.3637342583333267,1.8224334589637876,False
Train_OOF,36,5.744727495,5.04575749100001,0.6989700039999907,0.934072246346901,False
Train_OOF,37,5.22184875,4.465978244100004,0.7558705058999964,1.0101115317580747,False
Train_OOF,38,6.244125144,6.204211184586667,0.03991395941333309,0.05333922989034529,False
Train_OOF,39,5.605548319,5.5662394228699945,0.03930889613000588,0.05253065038477972,False
Train_OOF,40,4.91721463,5.384415914375011,-0.46720128437501085,-0.6243468971414251,False
Train_OOF,41,5.886056648,4.062686816702226,1.8233698312977742,2.4366698778128173,False
Train_OOF,42,3.903089987,4.748237793666671,-0.8451478066666707,-1.129417722864548,False
Train_OOF,43,6.026872146,6.026872145999985,1.4210854715202004e-14,1.8990750547770807e-14,False
Train_OOF,44,4.167491087,3.326510245315785,0.8409808416842153,1.123849177262681,False
Train_OOF,45,3.15,3.173867743666673,-0.023867743666673213,-0.031895784961269616,False
Train_OOF,46,3.86,4.505996731416654,-0.6459967314166541,-0.863281134517924,False
Train_OOF,47,4.443697499,4.97467914339999,-0.53098164439999,-0.7095801171943805,False
Train_OOF,48,4.522878745,4.727887860807681,-0.20500911580768122,-0.27396501170038096,False
Train_OOF,49,4.04,3.326510245315785,0.7134897546842152,0.9534757916498418,False
Train_OOF,50,4.661543506,4.327722092250005,0.3338214137499955,0.44610400451485,False
Train_OOF,51,4.036212173,4.748237793666671,-0.7120256206666706,-0.9515191884438468,False
Train_OOF,52,4.28,4.345506075820515,-0.06550607582051438,-0.08753938944572948,False
Train_OOF,53,2.4,4.345506075820515,-1.9455060758205147,-2.5998872914770126,False
Train_OOF,54,3.871600731,3.297901016083344,0.5736997149166561,0.7666666357270244,False
Train_OOF,55,4.795880017,4.727887860807681,0.06799215619231891,0.09086167604487005,False
Train_OOF,56,4.387216143,4.005507981140002,0.381708161859998,0.5100977125729699,False
Train_OOF,57,4.568636236,5.0635398321052545,-0.4949035961052548,-0.6613670273312628,False
Train_OOF,58,2.4,3.326510245315785,-0.926510245315785,-1.2381468462923413,False
Train_OOF,59,4.387216143,4.97467914339999,-0.5874630003999899,-0.785059274774424,False
Train_OOF,60,4.031517051,4.345506075820515,-0.31398902482051483,-0.419600887110994,False
Train_OOF,61,4.958607315,4.345506075820515,0.6131012391794854,0.8193210702049787,False
Train_OOF,62,2.8,3.297901016083344,-0.49790101608334414,-0.6653726453065072,False
Train_OOF,63,4.301029996,4.97467914339999,-0.6736491473999902,-0.9002345862635786,False
Train_OOF,64,4.259637311,4.345506075820515,-0.08586876482051498,-0.11475117614193532,False
Train_OOF,65,3.47,4.327722092250005,-0.8577220922500044,-1.1462214356330749,False
Train_OOF,66,4.91721463,5.384415914375011,-0.46720128437501085,-0.6243468971414251,False
Train_OOF,67,5.0,4.87044351199999,0.12955648800001018,0.1731334951177482,False
Train_OOF,68,3.0,3.297901016083344,-0.29790101608334396,-0.39810159189892375,False
Train_OOF,69,6.37675071,5.77730682900002,0.5994438809999796,0.8010699876679727,False
Train_OOF,70,4.48148606,4.015287727499991,0.4661983325000092,0.6230065971206811,False
Train_OOF,71,5.554395797,5.50062248575,0.05377331124999962,0.07186024771500624,False
Train_OOF,72,6.32,4.345506075820515,1.9744939241794857,2.63862535531162,False
Train_OOF,73,5.226945307,5.77730682900002,-0.5503615220000198,-0.7354785186997305,False
Train_OOF,74,3.798602876,4.345506075820515,-0.5469031998205147,-0.7308569716400348,False
Train_OOF,75,3.0,4.345506075820515,-1.3455060758205146,-1.7980741312542627,False
Train_OOF,76,4.031517051,4.37552819015385,-0.3440111391538503,-0.4597210977279614,False
Train_OOF,77,3.840132153,4.096448064000007,-0.25631591100000684,-0.34252911769048094,False
Train_OOF,78,3.93,4.327722092250005,-0.39772209225000443,-0.5314980127956335,False
Train_OOF,79,5.568636236,5.77730682900002,-0.20867059300002033,-0.27885804603150255,False
Train_OOF,80,4.301029996,4.345506075820515,-0.044476079820515046,-0.05943584352534407,False
Train_OOF,81,4.124938737,3.326510245315785,0.798428491684215,1.0669841202153398,False
Train_OOF,82,5.698970004,4.97467914339999,0.7242908606000107,0.9679099064302495,False
Train_OOF,83,3.31,3.292527979999992,0.017472020000008026,0.023348825952802542,False
Train_OOF,84,4.522878745,4.37552819015385,0.14735055484614978,0.19691269006961162,False
Train_OOF,85,2.4,3.173867743666673,-0.7738677436666732,-1.0341622352397069,False
Test,86,4.0,3.178520183210533,0.8214798167894668,1.0977888799319464,False
Test,87,5.844663963,6.376750710000008,-0.5320867470000072,-0.7110569268745309,False
Test,88,6.080921908,6.036212172999991,0.04470973500000852,0.05974808985513086,False
Test,89,3.0,3.178520183210533,-0.1785201832105332,-0.23856638710596983,False
Test,90,4.14,3.8963628276,0.2436371723999997,0.3255858185829645,False
Test,91,4.22184875,3.8963628276,0.3254859224000004,0.43496482674593506,False
Test,92,5.0,4.605610318741927,0.3943896812580734,0.5270447278146314,False
Test,93,4.677780705,4.605610318741927,0.07217038625807337,0.0964452758001372,False
Test,94,3.06,3.178520183210533,-0.11852018321053315,-0.1583850710836948,False
Test,95,5.782516056,5.45115895499999,0.3313571010000107,0.4428108071917791,False
Test,96,3.987162775,4.605610318741927,-0.6184475437419268,-0.826465632466186,False
Test,97,4.619788758,4.237204171250016,0.3825845867499842,0.511268927590866,False
Test,98,7.22184875,6.045850932876661,1.1759978171233394,1.571550876937867,False
Test,99,3.987162775,4.605610318741927,-0.6184475437419268,-0.826465632466186,False
Test,100,5.57,5.45115895499999,0.11884104500001058,0.15881385642605417,False
Test,101,2.3,3.178520183210533,-0.8785201832105334,-1.1740150740325115,False
Test,102,4.408935393,4.605610318741927,-0.19667492574192647,-0.26282757290951453,False
Test,103,4.0,4.237204171250016,-0.23720417125001614,-0.316989043613323,False
Test,104,4.22184875,4.237204171250016,-0.015355421250015766,-0.020520298065044514,False
Test,105,4.744727495,5.776584715666671,-1.0318572206666712,-1.3789278316690115,False
Test,106,5.75,5.776584715666671,-0.02658471566667142,-0.03552662480386176,False
Test,107,4.92,4.605610318741927,0.3143896812580733,0.42013630645159794,False
