Dataset,Sample_Index,Morgan,RDKit,AtomPair,Torsion,Layered,MACCS,Phys,Fused_Distance,Inside_AD
Train,67,0.5105096750213146,0.5886572525082095,0.540288261777102,0.409008501041561,0.46303147512053805,0.379328292454116,0.1591083754820738,0.43570454762927363,True
Train,26,0.5417521353558736,0.2709620402021023,0.5835416061360454,0.38585016273230666,0.24155850877393825,0.25955884943704516,0.8717706430856424,0.45071342081756477,True
Train,22,0.0,0.13681828990104694,0.0,0.0,0.0,0.0,0.0031148627560319783,0.019990450379582702,True
Train,31,0.0,0.15859854403521673,0.050061261686479265,0.026487049555906035,0.0,0.0038421690877016843,0.0069643665137354765,0.03513619869700559,True
Train,56,0.4207897022024704,0.453563685685275,0.10096118993729546,0.3591316413237753,0.6308734042323928,0.24988474489409948,0.758118895923993,0.4247604663141859,True
Train,96,0.5822841766169947,0.8783856221863889,0.699327977842309,0.6873662860761841,0.7724137019308042,0.48040525621994284,0.06556716902634525,0.5951071699855671,True
Train,15,0.43659969131301263,0.4291391620355669,0.07993035567441854,0.3689890690605917,0.6501387599858021,0.24003350144688884,0.6987638783137066,0.41479920254714103,True
Train,44,0.38390046526533933,0.3348742876599901,0.33528084874375585,0.34068575629397807,0.3423471174166234,0.1601031469964933,0.11669049363922122,0.2876974451450573,True
Train,89,0.11840894094410696,0.0,0.09344307544033859,0.05119962815789213,0.028384145579839877,0.08113370372556282,0.7032029192390232,0.1536817732981091,True
Train,88,0.4441340839569346,0.5971497059590886,0.4151688117467163,0.45996126471658716,0.6338997614302091,0.3580062782116305,1.0005644546567416,0.5584120515254155,True
Train,9,1.0440838822733498,0.9187814824998382,0.9351634163710529,1.000393642374526,0.935845222449428,0.6380250122121197,0.10432244056340023,0.7966592998205309,True
Train,33,0.10856181885804123,0.17745735412719416,0.0,0.10150739656687559,0.3569792783305555,0.0,0.0,0.10635797826895235,True
Train,68,1.0023067711928104,0.6918867942647345,0.6622745656755655,0.9640333646721592,0.7057832345017854,0.7585690056331071,0.58077739682477,0.7665187332521332,True
Train,101,1.0001806408857425,1.3046246376180053,1.0529988747737198,1.1037279067057484,1.2092685822085756,1.153246672866014,0.4227191479692109,1.0352523518610024,False
Train,28,0.9603385259689373,0.7864043058962008,0.9608917837339235,0.9333694732402892,0.8594844118756643,0.6915179978903021,0.18266663267812006,0.7678104473262053,True
Train,40,0.999277436457029,0.7410315719804155,0.7429945971485261,0.8941289928970761,0.960247659824173,0.5991893486811343,0.477188849298342,0.7734369223266709,True
Train,5,0.06111101836626546,0.23202060770805577,0.23727918718981972,0.15438935585279923,0.0,0.046224013770453556,0.14323141269730993,0.12489365651210053,True
Train,53,1.0299715325203629,0.6358523744483302,0.19421838009681516,0.8742281661871248,0.618964702307227,0.28964451043781564,3.5599011354929844,1.0289686859272371,False
Train,81,0.38117605537924976,0.4164267967511153,0.07899649215242843,0.4041633640792138,0.5137989028556678,0.2540200305201985,1.06622712489634,0.44497268094774484,True
Train,39,0.22323490383332406,0.04150351109538281,0.3908250626077479,0.10428518184807764,0.045784357450644915,0.17826514342354902,0.08837269945185827,0.15318155138722636,True
Train,35,0.9974994144498152,0.9121551539183338,1.003929797346614,0.9984254305018955,1.0099380850439568,0.738844643215816,0.10308833174981201,0.8234115508894633,True
Train,16,0.6624666714930556,0.7104416330478058,0.5883775018004644,0.6773278738117402,0.7977099645904272,0.7552563485784977,0.21462520543006386,0.6294578855360078,True
Train,80,0.8936841719694304,0.9346982322042132,0.8321870112715993,0.8322197798328191,0.8636928659087297,1.0603577485917244,0.31523138536124257,0.818867313591394,True
Train,34,0.9423131052042621,0.6667270198570941,0.6597556258820838,1.0165539068967024,0.7589794998391179,0.49367449742000885,0.9977421813730333,0.7908208337817575,True
Train,7,0.5116755467744115,0.2451502589132066,0.5495965210285144,0.5115742864846654,0.14138046537537508,0.4007643543127792,0.13975087996970828,0.35712747326552297,True
Train,43,0.5753922335753334,0.5302371464832613,0.4036193255843017,0.413944976530424,0.4046847422368182,0.31354458046465467,0.0019561696902550356,0.3776255963664355,True
Train,64,0.7386441659165882,0.6350618878417046,0.5906820558166045,0.555565569460141,0.5407825696939512,0.36530284669513796,0.39070547705430086,0.5452492246397754,True
Train,106,0.13501471156961942,0.12310199558088905,0.3557124344828763,0.034795084880619866,0.15805616279681042,0.03882014885412298,0.09108012962952927,0.13379723825635248,True
Train,27,0.3145671148221877,0.23325191659710345,0.5513279487484501,0.37077089108239253,0.19295688770816097,0.11054423756807374,0.910981409972048,0.3834857723569166,True
Train,19,0.23963445441509704,0.2167170038566451,0.22758138010853146,0.14129131069325437,0.18273263417855556,0.11627407865800922,0.19174399463622785,0.18799640807804582,True
Train,98,0.0734795772076253,0.0,0.05622767723240301,0.020615518497847603,0.001276511468136299,0.05956710307947421,0.5871010760141986,0.11403820907138358,True
Train,91,0.39213433515632523,0.5482574985539226,0.3962555804245587,0.3430938034720687,0.5859599453331534,0.30167386417333886,0.6276654811287101,0.4564343583202968,True
Train,25,0.01733100778812285,0.07432058752728066,0.14488999030010888,0.018359940993917225,0.0,0.049283643780151015,0.0,0.04345502434136866,True
Train,62,0.5564047936319468,0.7749723853062623,0.48354296711863065,0.5597864621723122,0.6690718612011053,0.4609095084255967,0.14828056530952374,0.5218526490236254,True
Train,49,0.09566696015180164,0.13580379213891336,0.3084726570703143,0.12857593897332323,0.0700887250572405,0.09277126480375279,0.010258878707716577,0.12023403098615178,True
Train,13,0.2202295707637707,0.13536592765269453,0.5267876417338739,0.16199033543234068,0.0853645221958628,0.08766440779099063,0.9009254615976521,0.30261826673816933,True
Train,24,0.5239698212210745,0.4691251281570729,0.3830491862697502,0.43410661461189065,0.3778976763643747,0.3104825342246448,0.13964329032051723,0.3768963215956179,True
Train,3,0.0,0.13681828990104694,0.0,0.0,0.0,0.0,0.0031148627560319783,0.019990450379582702,True
Train,17,0.0623937666515882,0.16711157762261547,0.12644082006807963,0.0908928457186608,0.00607031748619599,0.03715654857499903,0.10790422742005913,0.08542430050602833,True
Train,38,0.20966242407073496,0.03586796375744952,0.3261353492302879,0.08538324999241685,0.043057694886412104,0.16933122659848251,0.07300637300181759,0.1346348973625145,True
Train,8,1.1938052304691016,1.3563633322707387,1.297329882089667,1.3506534134612698,1.752104478285755,1.2127415202072107,0.8006342898763852,1.280518878094304,False
Train,83,0.7690010955622715,0.5873203056409693,0.5435153549740629,0.7510849335512829,0.4470268853754923,0.4512009560511332,0.19254125121941745,0.5345272546249471,True
Train,6,0.21678025062641793,0.05326619663469467,0.34162039327787175,0.08826982446595234,0.05115197313702051,0.18290343717760166,0.18716106603319607,0.16016473447896498,True
Train,69,0.6941070861394668,0.8003116177628277,0.570180376007551,0.6272762571071572,0.626839082371379,0.2831867201197565,0.12088587287581432,0.5318267160548503,True
Train,93,0.42684230053797756,0.3138816546413502,0.812791078715511,0.48476929118614526,0.36117658897339694,0.2868396540861664,0.9868256914867765,0.5247323228039035,True
Train,85,0.412618237785301,0.5480275346285397,0.5314276518475832,0.3973756974859139,0.4465208503575371,0.3645122383304931,0.19125525702135723,0.41310535249381786,True
Train,54,0.04221297617562114,0.21102646674736672,0.21610322717396907,0.056940504275361445,0.03313726405756908,0.03904731180861805,0.01705872329268626,0.08793235336159881,True
Train,50,0.3553772714256116,0.43688824838845963,0.4299758606926879,0.38052216500317265,0.4229875588251279,0.2934670348329762,0.04357779413940189,0.33754227618677685,True
Train,72,0.5117323017690307,0.5574432482722808,0.5910877921907994,0.4368510271827758,0.4677234585022971,0.43244649103528887,0.16659530008848825,0.4519828027201373,True
Train,46,0.9934959923519304,0.8100579691071383,0.7644766603994304,0.9544560389136583,0.8154118658381081,0.617534935233653,0.4038674817019418,0.7656144205065515,True
Train,73,0.24618642201038468,0.12828063486513847,0.2484315684989046,0.22504787995071557,0.08477237458694192,0.12414287014695229,0.11386085929364499,0.1672460870503832,True
Train,61,0.4507865109153429,0.4555887767087409,0.6970539429029463,0.4949220088201726,0.45355414246359194,0.31311888409076877,0.06699923704087035,0.4188605004203477,True
Train,103,0.9408227640710469,1.3368283172092352,1.1147710202439034,0.8352845329599092,1.2094324036520552,1.1501121516153932,0.6372603793190317,1.0320730812957966,False
Train,84,0.3988948440610231,0.4242001005308563,0.320308177709668,0.32447957236317143,0.4210536326675105,0.26410066608092986,0.9672299123407332,0.4457524151076989,True
Train,41,0.05701025030445746,0.20610792008994067,0.17198183187316263,0.07013440801345151,0.03313726405756908,0.04127959793901009,0.012780151100464262,0.08463306048257939,True
Train,58,0.016378958532313893,0.14423144538917015,0.0005429773516734761,0.0,0.2462764529878384,0.0015999884581952327,0.12020430267066615,0.0756048750556939,True
Train,48,0.2821573953502205,0.4691259339684693,0.38095038835768247,0.3322916670783181,0.252531411961671,0.13116997904221386,0.05685287519431163,0.27215423585041243,True
Train,104,0.7163110777719736,1.0350257210774974,0.9643744180826791,0.8018322718244488,0.7998398608807858,0.6819909691949454,0.47009968994733076,0.7813534298256658,True
Train,57,0.07776215220412527,0.17279177884037175,0.010567037919960652,0.06072887368204239,0.35232245776044596,0.0,0.0,0.09631032862956371,True
Train,75,0.0,0.09490197288898483,0.0,0.0,0.23054265880059815,0.0,0.0,0.046492090241369,True
Train,32,0.9779416987693135,0.9004011351675899,1.118221140360243,1.0275088492147961,1.1795203708675068,0.6861037116412293,0.8506932525968319,0.9629128798025015,False
Train,100,0.41178425005111274,0.27465139136392036,0.6693732985744568,0.5445650117291406,0.3983839867661083,0.16909574228869792,0.25593422411610184,0.3891125578413627,True
Train,59,0.7124533221306566,0.7781032191479821,0.6880645972027517,0.8389705817936673,0.7150940348244379,0.3660907441632668,0.03260949133736099,0.5901979986571605,True
Train,63,0.5980527744303291,0.5648147065456366,0.40933954894211516,0.46908262746674956,0.4328178622874747,0.3104825342246448,0.0019561696902550356,0.3980780319410293,True
Train,90,0.5145092737932658,0.3207269648257802,0.6477261609981738,0.4903383901310428,0.35586129237341396,0.1631434831093401,0.19966292924708082,0.38456692778258533,True
Train,37,0.21279545396962138,0.03583420394281511,0.3248295367045075,0.08120427149211484,0.041046811512233244,0.17264340044014245,0.09340166624047759,0.13739362061455887,True
Train,29,0.9454276823406077,0.7589291457444797,0.8463941661191827,0.8868623241859496,0.8468596575939024,0.6295324182078327,0.02098746826651062,0.7049989803512094,True
Train,95,0.13927822690290542,0.0,0.11735613209617117,0.1255994352673314,0.009026890368651917,0.10226404240242093,0.960875726029745,0.207771493295318,True
Train,1,0.23569630497559307,0.3672701488017165,0.20416174584666616,0.3687840339256456,0.17041692352440288,0.09947805822039238,0.029998073386993496,0.21082932695448717,True
Train,52,0.12061104929741771,0.09952213846818135,0.2617685782140475,0.08520289389358127,0.01493437429807306,0.13198035950297565,0.07725846667271773,0.1130396943352849,True
Train,21,0.6920491587690877,0.7500294337898749,0.5931560848439524,0.6799360308531025,0.8286644570097575,0.6933481054358492,0.39429591403706277,0.6616398835340982,True
Train,2,0.9926411590084376,0.6878757936588313,0.8025143240420747,0.9435141833755918,0.9525866779939489,0.5754076502949564,0.048434401840068725,0.7147105986019872,True
Train,23,0.6627199813562243,0.7231823578898702,0.5976030591257883,0.6730329786329933,0.8040530962432085,0.7335428995207549,0.22652193314028318,0.6315223294155891,True
Train,87,0.9194361766554408,0.628307018502095,0.6448840381864307,0.9176512145798965,0.7070557085196115,0.5793674370549585,0.19395429839940564,0.655807984556834,True
Train,97,0.16635094842556838,0.0,0.13453301133805926,0.13573858131841063,0.03584577411136816,0.10563099297061679,0.963941090036758,0.22029148545725444,True
Train,74,0.0,0.09490197288898483,0.0,0.0,0.23054265880059815,0.0,0.0,0.046492090241369,True
Train,86,0.9506902574563626,0.9269099262100767,0.8894081483638151,0.8782569516880272,0.8552233839875096,1.1211419803573384,0.4091573665110739,0.861541144939172,True
Train,82,0.26766777725977375,0.39432411693879854,0.07213909237874419,0.2751547209769872,0.3991103014978072,0.1631322308360535,1.211645639957411,0.39759626854936786,True
Train,20,0.23963445441509704,0.2167170038566451,0.22758138010853146,0.14129131069325437,0.18273263417855556,0.11627407865800922,0.19174399463622785,0.18799640807804582,True
Train,60,0.8156902485675473,0.584173030782827,0.6012222469758282,0.901939266241974,0.5922402907672193,0.40649335516613555,0.11140428496898133,0.5733089604957875,True
Train,71,0.5252951847942756,0.7104160126335953,0.47244147577242585,0.5486805541992177,0.4548250198538898,0.25048078139067737,0.029926876195222794,0.4274379864056149,True
Train,14,0.4506309733229394,0.16568325515478594,0.5456481851385098,0.24720890261977682,0.12414404246648111,0.14827655190303993,1.0873737207860161,0.39556651877022125,True
Train,92,0.0891035314803697,0.0,0.05264870751511631,0.038153052829942954,0.002449223242467691,0.05956710307947421,0.5875860847856769,0.11850110041900683,True
Train,51,0.3553772714256116,0.43688824838845963,0.4299758606926879,0.38052216500317265,0.4229875588251279,0.2934670348329762,0.04357779413940189,0.33754227618677685,True
Train,102,0.7707904936009699,1.016325441948947,0.9842808106135444,0.8238508163786429,0.7837888660909758,0.7260115125765667,0.36788293954536455,0.7818472686792874,True
Test,76,1.1380428098897413,1.385404131587319,1.3122784368780647,1.2640543000315658,1.502025346033266,0.7991084463185074,1.3505455614110158,1.2502084331642114,False
Test,10,0.08174550205578832,0.22805139979257116,0.08473680212464368,0.18246230285083348,0.09000060588758353,0.051642340428300466,0.0,0.10266270759138867,True
Test,4,0.0,0.07582159369839443,0.11785424346779724,0.0,0.0,0.0,0.062044416700014725,0.036531464838029486,True
Test,99,0.847854559804459,1.315757233013794,0.9922960455240678,0.7224432342857953,0.9856588134975743,1.0585745667520496,0.42796228827866584,0.9072209630223437,True
Test,70,0.37068744204836834,0.3527306730928081,0.44947786561708986,0.21029844695193747,0.2525385750399336,0.31487426712805305,0.09198633739483292,0.2917990867532891,True
Test,66,0.786333269697043,0.6929431117041888,0.6880997071052026,0.8142667038627271,0.7197067341716883,0.3728114585564831,0.15076049870790087,0.6035602119721762,True
Test,30,0.7062307330347355,0.6054072896464474,0.733309171358467,0.6606462875531691,0.6548566710366468,0.5079156864221271,0.14079321906710734,0.5727370083026715,True
Test,45,0.01684234495861693,0.0,0.15887720700842045,0.0,0.0,0.10280574950998794,0.09972413981446313,0.05403563447021263,True
Test,94,0.5965308409544192,0.7930278924808714,0.811615624666968,0.5730701513300377,0.5796688614117376,0.5462851584268118,0.11725968906576012,0.5739226026195151,True
Test,11,0.5618018215651159,0.6792061020091137,0.5254928856218136,0.4835176387622473,0.7639372223318586,0.6705270105550597,0.28337221329676393,0.5668364134488533,True
Test,78,0.0,0.0,0.12153371932799659,0.0,0.0,0.016350008678958406,0.0,0.019697675429565,True
Test,47,0.9120847116387721,0.9935105802413027,0.6887514033438651,0.907770799489783,0.9083079244816606,0.8031239537612203,0.24372043930852363,0.7796099731807324,True
Test,0,0.2481998890836915,0.16442691112868255,0.26960404569140595,0.21908773769765996,0.1901731586859124,0.12916318362815837,0.19687988128768094,0.20250497245759883,True
Test,79,0.14771338009393525,0.026626520668440297,0.21410936001421174,0.0967480283137964,0.020066787422612746,0.07267323346997553,0.11878161056713282,0.09953127436430068,True
Test,18,0.07066406096653083,0.07749825484749986,0.10441022973700385,0.0,0.07337348810976566,0.05685928788447993,0.09380445159952931,0.0680871104492585,True
Test,105,0.4482974104230809,0.6402991616371251,0.6008466233826947,0.43684582296122193,0.5378764317258498,0.394766768452086,0.0,0.43699031694029405,True
Test,55,0.17417607890029996,0.034553543620364835,0.2312289519295691,0.10258320636817424,0.029176208449980222,0.13233995810832958,0.1668279992411606,0.12441227808826835,True
Test,77,0.9985312128109715,1.1243357949509387,0.9100606849049951,0.7939312711946274,0.8347611198630318,0.5059395728698474,0.24381778452047925,0.7730539201592702,True
Test,65,1.0401172625791764,0.6473633384579272,0.8913451141240801,1.0921218979155893,0.9610226595184226,0.8776962611474013,0.09953631195568825,0.8013146922426123,True
Test,42,0.35057953443149514,0.1094780517866626,0.4565227967568884,0.16302175140518727,0.043634457262490885,0.14278289138079853,0.7589188492207785,0.2892769046063287,True
Test,12,0.2314566624209082,0.026794499853996102,0.3409929639450574,0.028544538825001353,0.0,0.07840740948674105,0.7309479340938306,0.205306286946505,True
Test,36,0.9809084231657847,1.1596780998978817,1.0615958906385898,1.064076739966,1.1764611473174995,0.8272230227293143,0.6274495156548661,0.9853418341957052,False
