Sample_Index,RDKit_32,RDKit_41,RDKit_82,RDKit_95,RDKit_347,RDKit_358,RDKit_402,RDKit_416,RDKit_420,RDKit_478,RDKit_480,RDKit_499,RDKit_580,RDKit_600,RDKit_621,RDKit_662,RDKit_707,RDKit_735,RDKit_755,RDKit_922,RDKit_951,RDKit_1044,RDKit_1154,RDKit_1250,RDKit_1433,RDKit_1545,RDKit_1663,RDKit_1671,RDKit_1745,RDKit_2007,RDKit_2021,AP_32,AP_234,AP_324,AP_352,AP_374,AP_404,AP_533,AP_1017,AP_1018,AP_1040,AP_1041,AP_1238,AP_1348,AP_1510,AP_1604,AP_1637,AP_1736,AP_1932,AP_1964,AP_2044,Torsion_382,Torsion_509,Torsion_636,Torsion_1564,Torsion_1892,Layered_273,Layered_323,Layered_343,Layered_775,Layered_895,Layered_1104,Layered_1290,TPSA,MW
0,0.0,0.0,0.0,0.19831794517996013,0.0,0.0,0.0,0.0,0.0,0.14152359278192103,0.0,0.0,0.0,0.0,0.0,0.0,0.0,0.0,0.12114976743205808,0.0,0.0,0.0,0.0,0.0,0.0,0.0,0.0,0.0,0.0,0.0,0.0,0.1022621337038026,0.13122519458765353,0.0,0.0,0.0,0.0,0.0,0.0,0.0,0.0,0.0,0.0,0.0,0.0,0.0,0.12964792347801157,0.0,0.18627961190939127,0.0,0.0,0.0,0.0,0.0,0.3134219240021906,0.0,0.12887706273706856,0.0,0.0,0.0,0.0,0.1257987903891325,0.0,0.0,0.0
1,0.0,0.0,0.0,0.21895421464686776,0.0,0.14718931940949767,0.0,0.0,0.0,0.1666791746928816,0.17490259391713184,0.0,0.0,0.0,0.0,0.0,0.0,0.0,0.14041413290084606,0.0,0.0,0.0,0.0,0.0,0.15693570926123254,0.0,0.0,0.0,0.0,0.0,0.0,0.15116256011653562,0.18514499001877102,0.0,0.0,0.0,0.0,0.0,0.0,0.0,0.0,0.0,0.0,0.0,0.0,0.0,0.1464761624086917,0.0,0.0,0.0,0.0,0.0,0.0,0.0,0.3400321957999574,0.0,0.0,0.0,0.0,0.0,0.0,0.0,0.0,0.0,0.0
2,0.0,0.0,0.0,0.23721789764667833,0.0,0.0,0.0,0.0,0.0,0.1695984286568283,0.1612427209807316,0.14726036347364646,0.0,0.0,0.0,0.0,0.0,0.0,0.0,0.0,0.0,0.0,0.0,0.0,0.0,0.0,0.0,0.0,0.0,0.0,0.0,0.0,0.1436360762138948,0.0,0.0,0.0,0.0,0.0,0.0,0.0,0.0,0.0,0.0,0.0,0.0,0.0,0.1738280548472065,0.0,0.20029997722432433,0.0,0.0,0.0,0.0,0.0,0.0,0.0,0.15814293444708788,0.0,0.0,0.0,0.159293217498864,0.0,0.0,0.17958849535847096,0.0
3,0.0,0.0,0.0,0.16396654868624186,0.0,0.0,0.0,0.0,0.0,0.10520370254306144,0.0,0.0,0.0,0.0,0.0,0.0,0.0,0.0,0.11026245458990956,0.0,0.10712902226610992,0.0,0.0,0.0,0.1091364730285726,0.0,0.0,0.0,0.0,0.10099555144447492,0.0,0.08691675272705446,0.1174052467442096,0.0,0.0,0.0,0.0,0.0,0.0,0.0,0.0,0.0,0.0,0.0,0.0,0.0,0.0,0.0,0.0,0.0,0.0,0.0,0.0,0.0,0.2674806353856588,0.0,0.10129876663808533,0.0,0.0,0.0,0.0,0.0,0.0,0.0,0.0
4,0.0,0.0,0.0,0.13744149982993845,0.0,0.10478751334972247,0.0,0.0,0.0,0.13179904983264726,0.0,0.0,0.0,0.0,0.0,0.0,0.0,0.0,0.0,0.0,0.0,0.0,0.0,0.0,0.12940033429612982,0.0,0.0,0.0,0.0,0.0,0.0,0.10040268775757397,0.13171188807265033,0.0,0.0,0.0,0.0,0.12794576944658892,0.0,0.23174179187760652,0.0,0.0,0.0,0.0,0.0,0.0,0.0,0.0,0.0,0.0,0.0,0.0,0.0,0.0,0.3182744451212408,0.0,0.12531275911400855,0.0,0.0,0.0,0.0,0.0,0.0,0.0,0.0
5,0.0,0.0,0.0,0.1601780345326193,0.0,0.11013124556574645,0.0,0.0,0.0,0.13829213596011256,0.0,0.0,0.0,0.0,0.0,0.0,0.0,0.0,0.0,0.0,0.0,0.0,0.0,0.0,0.12708923108215905,0.0,0.0,0.0,0.0,0.1123574367317411,0.0,0.0,0.12397452245101573,0.0,0.0,0.0,0.0,0.0,0.0,0.23734564829650498,0.0,0.0,0.0,0.0,0.0,0.0,0.0,0.0,0.0,0.0,0.0,0.0,0.0,0.0,0.30472203114258445,0.0,0.11930468321231805,0.0,0.0,0.0,0.0,0.0,0.0,0.10542276972330544,0.0
6,0.0,0.0,0.0,0.19482278929750915,0.0,0.11742563445877638,0.0,0.0,0.09957559746426425,0.13137704530107636,0.0,0.0,0.0,0.0,0.0,0.0,0.0,0.0,0.0,0.0,0.0,0.0,0.0,0.0,0.0,0.0,0.0,0.0,0.0,0.1219340674629126,0.0,0.0,0.0,0.0,0.0,0.0,0.0,0.0,0.0,0.21991752368255366,0.0,0.0,0.0,0.0,0.0,0.0,0.12203906318232371,0.0,0.0,0.0,0.0,0.0,0.0,0.0,0.0,0.0,0.10873191195321637,0.0,0.0,0.0,0.0,0.120077954719096,0.0,0.15209193818493197,0.0
7,0.0,0.0,0.0,0.1739518915393267,0.0,0.11032874474982846,0.0,0.0,0.0,0.1407576644647723,0.16488586837330865,0.0,0.10190920948265655,0.0,0.0,0.0,0.0,0.0,0.0,0.0,0.0,0.0,0.0,0.0,0.0,0.0,0.0,0.0,0.0,0.11733898721066698,0.0,0.0,0.0,0.0,0.0,0.0,0.0,0.13156751998883653,0.0,0.21095344108982178,0.0,0.0,0.0,0.0,0.0,0.0,0.14179296623360935,0.0,0.0,0.0,0.0,0.0,0.0,0.0,0.0,0.0,0.0,0.0,0.0,0.0,0.0,0.0,0.0,0.18736598688456715,0.0
8,0.0,0.0,0.0,0.0,0.0,0.0,0.0,0.0,0.0,0.0,0.0,0.0,0.06874115253332962,0.0,0.0,0.0,0.0,0.0,0.0,0.0,0.0,0.0,0.0,0.0,0.0,0.0,0.0,0.0,0.05498689626710821,0.0,0.0,0.0,0.0,0.0,0.0,0.0,0.10980565854277415,0.0,0.45009083170895603,0.15307536560162793,0.0,0.0,0.0,0.0,0.060974729184458905,0.0,0.06207538915981052,0.0,0.0,0.0,0.0,0.0,0.0,0.0,0.26466761779568865,0.0,0.06069618175032332,0.0,0.0,0.0,0.0,0.0,0.0,0.11066154296088623,0.0
9,0.0,0.0,0.0,0.0,0.0,0.0,0.0,0.0,0.0,0.0,0.13233416740819332,0.10543061758946615,0.14467801780465725,0.0,0.0,0.0,0.0,0.0,0.11570261195950339,0.0,0.11365648668250472,0.0,0.0,0.0,0.0,0.0,0.0,0.0,0.0,0.1450303138327215,0.0,0.0,0.0,0.0,0.0,0.0,0.0,0.0,0.0,0.0,0.0,0.0,0.0,0.0,0.0,0.0,0.12439900903745113,0.0,0.0,0.0,0.0,0.0,0.0,0.0,0.0,0.0,0.0,0.0,0.0,0.0,0.12370387404388963,0.14096346814232863,0.0,0.1520045526023652,0.0
10,0.0,0.0,0.0,0.2208261446104673,0.0,0.0,0.0,0.0,0.0,0.15515296251753444,0.21111033812852,0.0,0.0,0.0,0.0,0.0,0.0,0.0,0.0,0.0,0.15605652980122672,0.0,0.0,0.0,0.12575835442222194,0.0,0.0,0.0,0.0,0.0,0.0,0.15296332065554,0.16688141361585207,0.0,0.0,0.0,0.0,0.1279272308912414,0.0,0.0,0.0,0.0,0.0,0.0,0.0,0.0,0.0,0.0,0.0,0.0,0.0,0.0,0.0,0.0,0.3656488913021152,0.0,0.14556586722769405,0.0,0.0,0.0,0.0,0.0,0.0,0.0,0.0
11,0.0,0.0,0.0,0.08038931101645035,0.0,0.0,0.0,0.0,0.0,0.0,0.0,0.0,0.0,0.0,0.0,0.0,0.0,0.0,0.0,0.0,0.0,0.0,0.0,0.0,0.0,0.030948156782763192,0.0,0.0,0.0,0.042960233141290965,0.0,0.0,0.0,0.0,0.0,0.0,0.0,0.0,0.3686677425147573,0.13588673140248422,0.0,0.0,0.0,0.0,0.0,0.0,0.04018909594375277,0.0,0.047053535694903253,0.0,0.0,0.0,0.0,0.0,0.0,0.0,0.0,0.0,0.08113812496951459,0.0,0.0,0.04588010404846952,0.0,0.06005967344224148,0.0
12,0.0,0.0,0.0,0.0,0.0,0.04532665047868684,0.0,0.0,0.0,0.09872109317959674,0.0,0.0,0.07150264135484025,0.0,0.0,0.0,0.0,0.0,0.0,0.0,0.0,0.0,0.0,0.0,0.0,0.0,0.0,0.0,0.060419868283372535,0.0,0.0,0.06503618933919426,0.07064119623510687,0.0,0.0,0.0,0.09188753250669257,0.0,0.35151887464151726,0.17165572916929991,0.0,0.0,0.0,0.0,0.0,0.0,0.09474296320502637,0.0,0.0,0.0,0.0,0.0,0.0,0.0,0.0,0.0,0.0,0.0,0.0,0.0,0.0,0.0,0.0,0.0,0.0
13,0.0,0.0,0.0,0.0,0.0,0.0,0.0,0.0,0.0,0.09748130701616914,0.0,0.0,0.10109743004593723,0.0,0.0,0.0,0.0,0.0,0.0,0.0,0.0,0.0,0.0,0.0,0.0,0.06021692552831612,0.0,0.0,0.0,0.0,0.0,0.060485285078106736,0.06343356167585593,0.0,0.0,0.0,0.07689413557690238,0.0,0.3593283525971182,0.17329109527756095,0.0,0.0,0.0,0.0,0.0,0.0,0.08308879957546465,0.0,0.0,0.0,0.0,0.0,0.0,0.0,0.0,0.0,0.0,0.0,0.0,0.0,0.045747941494825195,0.0,0.0,0.0,0.0
14,0.0,0.0,0.0,0.0,0.0,0.0,0.0,0.0,0.0,0.10382577384213393,0.0,0.0,0.09029529252168679,0.0,0.057415999064828416,0.0,0.0,0.0,0.06045733895017483,0.0,0.0,0.0,0.0,0.0,0.0594483217340406,0.0,0.0,0.0,0.0,0.0,0.0,0.0,0.0,0.0,0.0,0.0,0.0,0.0,0.0,0.2173063685710589,0.0,0.0,0.0,0.0,0.0,0.0,0.09488255104902504,0.0,0.0,0.0,0.07762736128755324,0.0,0.0,0.0,0.3184824790104943,0.0,0.0,0.0,0.0,0.0,0.0,0.13065989545532644,0.0,0.0,0.0
15,0.0,0.0,0.0,0.0,0.0,0.0,0.0,0.0,0.0,0.0,0.11971006894657836,0.06080802275288922,0.0,0.0,0.0,0.0,0.0,0.0,0.0,0.0,0.05172382126046065,0.0,0.0,0.0,0.053431779357585404,0.0,0.0,0.0,0.0,0.0,0.0,0.0,0.06399997652581321,0.0,0.0,0.054505111113002824,0.0,0.0,0.0,0.0,0.0,0.0,0.0,0.0,0.0,0.0,0.0,0.0,0.16568152083183257,0.0,0.0,0.0,0.0,0.0,0.3029863892223485,0.0,0.0,0.0,0.13319136462641953,0.0,0.06097766894490297,0.0,0.0,0.0,0.0
16,0.0,0.0,0.0,0.11013194330536462,0.0,0.0,0.0,0.0,0.08360553478940205,0.0,0.0,0.0,0.09878889312927629,0.0,0.0,0.0,0.0,0.0,0.0,0.0,0.0,0.0,0.0,0.0,0.06715298484854774,0.0,0.0,0.0,0.0,0.0,0.0,0.0,0.0,0.0,0.0,0.0,0.0,0.0,0.0,0.19086749947370704,0.0,0.0,0.0,0.0,0.0,0.0,0.07812490885602719,0.0829288622933323,0.11506809301718202,0.0,0.0,0.0,0.0,0.0,0.0,0.0,0.0,0.0,0.12102789396269856,0.0,0.0,0.0,0.0,0.10631939047382037,0.0
17,0.0,0.0,0.0,0.1009940603621831,0.0,0.06611182161213924,0.0,0.0,0.0,0.06609566857991706,0.0,0.0,0.0,0.0,0.0,0.0,0.0,0.0,0.0,0.0,0.0,0.0,0.0,0.0,0.08008506738653935,0.0,0.0,0.0,0.0,0.0,0.0,0.06567552588100474,0.0,0.0,0.0,0.0,0.0,0.051864714565756476,0.0,0.20969185333863283,0.0,0.0,0.0,0.0,0.0,0.0,0.08706218076321616,0.0,0.0,0.0,0.0,0.0,0.0,0.0,0.24907825786380167,0.0,0.0,0.0,0.0,0.0,0.0,0.10169708322294245,0.0,0.0,0.0
18,0.0,0.0,0.0,0.16518706287902024,0.0,0.0,0.0,0.0,0.0,0.10106832314337677,0.0,0.0,0.0,0.0,0.0,0.0,0.0,0.0,0.0,0.0,0.0,0.0,0.0,0.0,0.10948743862650104,0.0,0.0,0.0,0.0,0.1243677694303138,0.0,0.0,0.0,0.0,0.0,0.0,0.0,0.0,0.0,0.0,0.0,0.0,0.0862663069581839,0.0,0.0,0.0,0.09965084027846623,0.0,0.0,0.0,0.0,0.0,0.0,0.1098143443582774,0.0,0.0,0.08541772251540258,0.0,0.0,0.0,0.0,0.10482213527527916,0.0,0.08736287184593482,0.0
19,0.0,0.0,0.0,0.16636891328854977,0.0,0.0,0.0,0.0,0.0,0.09332574862696946,0.0,0.0,0.0,0.0,0.0,0.0,0.0,0.0,0.08953015422157412,0.0,0.0,0.0,0.0,0.0,0.12392199126845677,0.0,0.0,0.0,0.08393433739922278,0.10234356413963816,0.0,0.0,0.0,0.0,0.0,0.0,0.0,0.0,0.0,0.0,0.0,0.07946279619174246,0.0,0.0,0.0,0.0,0.12032753412151026,0.0,0.0,0.0,0.0,0.0,0.0,0.09930592078248758,0.0,0.0,0.0,0.0,0.0,0.0,0.0,0.11492385527060474,0.0,0.0,0.0
20,0.0,0.0,0.0814194024269306,0.1517261614595128,0.0,0.0,0.0,0.0,0.0,0.10359505454218139,0.0,0.0,0.0,0.0,0.0,0.0,0.0,0.0,0.0,0.0,0.0,0.0,0.0,0.0,0.12053771906367429,0.0,0.0,0.0,0.0,0.12009471957136215,0.0,0.0891624271120024,0.0,0.0,0.0,0.0,0.0,0.0,0.0,0.0,0.09338284106043548,0.0,0.0,0.0,0.0,0.0,0.09459944131649553,0.0,0.0,0.0,0.0,0.0,0.0,0.10118048333529792,0.0,0.0,0.0,0.0,0.0,0.0,0.0,0.11774656542286353,0.0,0.0,0.0
21,0.0,0.0,0.0,0.1097870591177894,0.0,0.0,0.0,0.0,0.0,0.0,0.09859091793155426,0.0,0.0,0.0,0.0,0.0,0.0,0.0,0.0,0.0,0.0,0.0,0.0,0.0,0.0,0.0,0.0,0.0,0.0,0.07562658491104507,0.0,0.0,0.07429210848337257,0.0,0.0,0.0,0.0,0.0,0.0,0.18637891100053694,0.0,0.0,0.0,0.0,0.0,0.0,0.0,0.0,0.09851667051685573,0.0,0.0,0.0,0.0,0.0,0.0,0.0,0.0,0.0,0.11116195840850474,0.0,0.0644398139190312,0.08270255577255764,0.0,0.09345634192957455,0.0
22,0.0,0.0,0.0,0.1627137683088208,0.0,0.11127811078773489,0.0,0.0,0.0,0.11261653823369766,0.0,0.0,0.0,0.0,0.0,0.0,0.084847775301057,0.0,0.0,0.0,0.10387259520173975,0.0,0.0,0.0,0.0998645494856209,0.0,0.0,0.0,0.0,0.0,0.0,0.0,0.13600856656528704,0.0,0.0,0.0,0.0,0.0,0.0,0.0,0.0,0.0,0.0,0.0,0.0,0.0,0.09443678248355554,0.0,0.0,0.0,0.0,0.0,0.0,0.0,0.2664292771711335,0.0,0.09772719051473121,0.0,0.0,0.0,0.0,0.0,0.0,0.0,0.0
23,0.0,0.0,0.0,0.0856805444418705,0.0,0.0,0.0,0.0,0.0,0.0,0.0,0.0,0.0636272459255354,0.0,0.0,0.0,0.0,0.0,0.0,0.0,0.0,0.0,0.0,0.0,0.05523199391902064,0.0,0.0,0.0,0.0,0.06316420572407991,0.0,0.0,0.0,0.0,0.0,0.0,0.0,0.0,0.0,0.17876488996648587,0.0,0.0,0.0,0.0,0.0,0.0,0.056731815834447974,0.0,0.09056255994140001,0.0,0.0,0.0,0.0,0.0,0.0,0.0,0.0,0.0,0.07691788295075719,0.0,0.0565762754290202,0.0,0.0,0.0715667088995994,0.0
24,0.0,0.0,0.0,0.10001392085897888,0.0,0.0,0.0,0.0,0.0,0.07127292939941347,0.0,0.055491301314637816,0.05627159871848511,0.0,0.0,0.0,0.0,0.0,0.044554326430911395,0.0,0.0,0.0,0.0,0.0,0.0,0.0,0.0,0.0,0.0,0.0,0.0,0.0,0.0,0.0,0.04067229557696901,0.0,0.0,0.0,0.0,0.0,0.0,0.0,0.0,0.0,0.0,0.0,0.07688502966482207,0.0,0.0,0.048111821335373596,0.0,0.0,0.0,0.0,0.0,0.0,0.0,0.0,0.0814335755345516,0.0,0.0,0.06573844864217798,0.0,0.0,0.0
25,0.0,0.0,0.0,0.0,0.0,0.0,0.0,0.025262016163804284,0.0,0.0,0.027252624077987765,0.0,0.03484367112196818,0.0,0.0,0.0,0.0,0.0,0.0,0.0,0.0,0.0,0.0,0.0,0.0,0.0,0.0,0.0,0.0,0.03305247341085733,0.0,0.0,0.0,0.0,0.0,0.0,0.0,0.0,0.0,0.0,0.0,0.0,0.0,0.0,0.0,0.0,0.035486433794717394,0.0,0.07880248526642045,0.025562984942562098,0.0,0.0,0.0,0.0,0.0,0.0,0.0,0.020766096676752777,0.07298173819230634,0.0,0.0,0.0,0.0,0.030266664296954578,0.0
26,0.0,0.0,0.0,0.0,0.0,0.0,0.0,0.062305654140811705,0.0,0.05371314782345793,0.0,0.02451049938919129,0.039284542959583585,0.0,0.0,0.0,0.0,0.0,0.0,0.0,0.0,0.0,0.0,0.0,0.0,0.0,0.0,0.0,0.0,0.0,0.0,0.0,0.025722221324568695,0.0,0.0,0.0,0.0,0.0,0.0,0.18759146089336512,0.0,0.0,0.0,0.0,0.0,0.0,0.058113285027908454,0.0,0.07362730511970608,0.0,0.0,0.0,0.0,0.0,0.0,0.0,0.0,0.02443403057859601,0.0,0.0,0.04189805676170143,0.0,0.0,0.0,0.0
27,0.0,0.0,0.0,0.0,0.0,0.0072826681252688985,0.0,0.0,0.01682848614765396,0.0,0.0,0.0,0.027655892676957398,0.0,0.0,0.0,0.0,0.0,0.0,0.0,0.0,0.0,0.0,0.0,0.0,0.013402657853121535,0.0,0.0,0.0,0.0,0.0,0.0,0.008429036588047048,0.0,0.0,0.0,0.06645460317796179,0.0,0.27750166215170785,0.1001998997086692,0.0,0.0,0.0,0.0,0.0,0.0,0.03966251235496476,0.0,0.0,0.011887050013647652,0.0,0.0,0.0,0.0,0.0,0.0,0.0,0.0,0.0,0.0,0.0,0.0,0.0,0.0,0.0
28,0.0,0.0,0.025671973283151357,0.0,0.0,0.0,0.0,0.03910266766881309,0.0,0.0,0.03809170905952316,0.03624202847750505,0.0,0.0,0.0,0.0,0.0,0.0,0.0,0.0,0.0,0.0,0.0,0.0,0.03789005802713839,0.0,0.0,0.0,0.0,0.0,0.0,0.021951653808381474,0.0,0.0,0.025859063443893715,0.0,0.09930117051837273,0.0,0.0,0.0,0.0,0.0,0.0,0.0,0.0,0.0,0.0,0.0,0.0,0.0,0.0,0.0,0.0,0.0,0.0,0.0,0.0,0.0,0.0,0.0,0.0,0.0508322038763921,0.0,0.0732913482625033,0.0
29,0.0,0.0,0.0,0.0,0.0,0.0,0.0,0.0,0.0,0.0,0.08520886143967195,0.04954700583987372,0.05849790723110843,0.0,0.0,0.0,0.0,0.0,0.0,0.0,0.0,0.0,0.0,0.0,0.0,0.0,0.0,0.0,0.0,0.0,0.0,0.0,0.0,0.0,0.0,0.0,0.0669001418008575,0.0,0.0,0.0,0.03651614424798346,0.0,0.0,0.0,0.0,0.0,0.0,0.0,0.0,0.0,0.0,0.0,0.0,0.0,0.0,0.0,0.036130330144749555,0.0,0.035598361971523565,0.0,0.02788771713395677,0.04529661536546954,0.0,0.04393373589621963,0.0
30,0.0,0.0,0.022003071946461894,0.0,0.0,0.0,0.0,0.0,0.032931601464107736,0.0,0.0539048793565341,0.0,0.0,0.0,0.0,0.0,0.0,0.0,0.0,0.0,0.0,0.0,0.0,0.0,0.025979079992361577,0.0,0.0,0.0,0.0,0.0,0.02473443116325618,0.0,0.0,0.0,0.0,0.0,0.08022041690297625,0.0,0.0,0.0,0.0,0.0,0.0,0.0,0.0,0.0,0.06706075740090456,0.0,0.0,0.0,0.0,0.0,0.0,0.0,0.0,0.0,0.0222919607126714,0.0,0.0,0.0,0.0,0.05298449412116832,0.0,0.05105245077856926,0.0
31,0.0,0.0,0.0,0.06879069019038113,0.0,0.0350624934853615,0.0,0.0,0.028799804835420217,0.03710841287306906,0.0,0.0,0.0,0.0,0.0,0.0,0.0,0.0,0.05185309860674573,0.0,0.0,0.0,0.0,0.0,0.054020341626141034,0.0,0.0,0.0,0.0,0.04191162440249696,0.0,0.0,0.0,0.0,0.0,0.0,0.0,0.0,0.0,0.0,0.0,0.0,0.0,0.0,0.0,0.0,0.042035766188628546,0.0,0.0,0.0,0.0,0.0,0.0,0.0,0.1768005335180714,0.0,0.046833729811812365,0.0,0.0,0.0,0.0,0.0,0.0,0.0,0.0
32,0.0,0.0,0.0,0.096621669359631,0.0,0.0,0.0,0.0,0.0,0.0,0.09138907856561976,0.0,0.0,0.0,0.0,0.0,0.0,0.0,0.0,0.0,0.0,0.0,0.0,0.0,0.0,0.0,0.0,0.0,-0.10548241908939919,0.0,0.0,0.0,0.06766361138299948,0.0,0.0,0.0,0.0,0.0,0.2353144584049676,0.19927928936407402,0.0544324006694116,-0.12576862693418084,0.0,0.0,0.0,0.0,0.04990805487766197,0.0,0.0,0.0,0.0,0.0,0.0,0.0,0.0,0.0,0.0,0.0,0.0,0.0,-0.10720335300501405,0.0,0.0,0.0,0.0
33,0.0,0.0,0.0,0.0968058063595217,0.0,0.0,0.0,0.0,0.0,0.03183128762006648,0.07393852344705633,0.017882337189343858,0.0,0.0,0.0,0.0,0.0,0.0,0.0,0.0,0.0,0.0,0.0,0.0,0.0,0.0,0.0,0.0,0.0,0.0,0.011772220165261693,0.0,0.030778609024273595,0.0,0.0,0.0,0.01564693172545196,0.0,0.0,0.15757510898819407,0.02724102184835586,0.0,0.0,0.0,0.0,0.0,0.0,0.0,0.0,0.0,0.0,0.0,0.0,0.0,0.0,0.0,0.01757021890939121,0.0,0.0,0.0,0.0,0.0,0.0,0.0,0.0
34,0.0,0.0,0.0,0.08429558798062971,0.0,0.0,0.0,0.0,0.016587107676698354,0.02492823556878645,0.0,0.0,0.0,0.0,0.0,0.0,0.0,0.0,0.026906240553275392,0.0,0.07820695607982382,0.0,0.0,0.0,0.0,0.0,0.0,0.0,0.0,0.02119154819771666,0.0,0.0,0.0,0.0,0.02298911027946586,0.0,0.0,0.0,0.0,0.0,0.0,0.0,0.0,0.0,0.0,0.0,0.0,0.0,0.06373712099132274,0.013529086808065464,0.0,0.0,0.0,0.0,0.0,0.0,0.033303621666528505,0.0,0.0,0.0,0.0,0.0,0.0,0.0,0.0
35,0.0,0.0,0.048327518097896344,0.0,0.0,0.0,0.0,0.0,0.03837988044123323,0.0547651899048774,0.0,0.0,0.0,0.0,0.0,0.0,0.0,0.0,0.0,0.0,0.0,0.0,0.0,0.0,0.0,0.0,0.0,0.026771024727823497,0.0,0.054522751944235885,0.0,0.0,0.0,0.0,0.0,0.0,0.0,0.0,0.0,0.0,0.0,0.0,0.0,0.0,0.0,0.0,0.039889933698111626,0.0,0.0,0.0,0.0,0.0,0.0,0.0,0.0,0.0,0.03224000010133836,0.0,0.03865708529091678,0.0,0.0,0.050652987889241,0.0,0.03261692325535209,0.0
36,0.0,0.0,0.03006324465123325,0.0,0.0,0.0,0.0,0.0,0.0,0.0,0.0,0.0277483007016451,0.05747333055716276,0.0,0.0,0.0,0.0,0.0,0.0,0.0,0.0,0.0,0.0,0.0,0.05818421347744635,0.0,0.0,0.0,0.0,0.0,0.0,0.0,0.0,0.0,0.0549124926072513,0.0,0.039795722815413055,0.0,0.0,0.0,-0.24855488434129971,0.0,0.0,0.0,0.0,0.0,0.04719682596037045,0.0,0.0,0.0,0.0,0.0,0.0,0.0,0.0,0.0,0.0,0.0,0.0,0.0,0.0,0.07534528071814296,0.0,0.04714151815966129,0.0
37,0.0,0.0,0.0,0.10472649369467107,0.0,0.0,0.0,0.0,0.0,0.05777295295283504,0.0,0.0,0.0,0.0,0.0,0.0,0.0,0.0,0.0,0.0,0.020629217963490043,0.0,0.0,0.0,0.0522699778871808,0.0,0.0,0.0,0.0,0.07590946778241997,0.0,0.0,0.0,0.0,0.0,0.0,0.0,0.0,0.0,0.10398242945120108,0.0,0.0,0.04055215222666336,0.0,0.0,0.0,0.02999457148351154,0.0,0.0,0.0,0.0,0.0,0.0,0.0,0.0,0.0,0.0,0.0,0.0,0.0,0.0,0.04001573522492698,0.0,0.055220066475783355,0.0
38,0.0,0.0,0.0,0.07890641791444618,0.0,0.0,0.0,0.0,0.023479943814666476,0.04939363546249384,0.0,0.0,0.0,0.0,0.0,0.0,0.0,0.0,0.0,0.0,0.005340791366308328,0.0,0.0,0.0,0.036685293645893784,0.0,0.0,0.0,0.0,0.04365358623885616,0.0,0.0,0.0,0.0,0.0,0.0,0.0,0.0,0.0,0.10538573625695269,0.0,0.0,0.0,0.0,0.0,0.0,0.02720148435865581,0.0,0.0,0.0,0.0,0.0,0.0,0.0,0.0,0.0,0.0,0.0,0.0,0.0,0.0,0.01398090071944634,0.0,0.03775966997838122,0.0
39,0.0,0.0,0.0,0.043048907228056314,0.0,0.0,0.0,0.0,0.0,0.03453579978766693,0.0,0.0,0.0,0.0,0.0,0.0,0.0,0.0,0.0,0.0,0.021659234432318,0.0,0.0,0.0,0.018629239210428195,0.0,0.0,0.0,0.008399365657308255,0.06203709296854019,0.0,0.0,0.0,0.0,0.0,0.0,0.0,0.0,0.0,0.1268067354554128,0.0,0.0,0.0,0.0,0.0,0.0,0.03490498030908093,0.0,0.0,0.0,0.0,0.0,0.0,0.0,0.0,0.0,0.0,0.0,0.0,0.0,0.0,0.011799598833056674,0.0,0.05216409538131222,0.0
40,0.0,0.0,0.0,0.0,0.0,0.0,0.0,0.0,0.0,0.0,0.050766730025836204,0.0,0.0,0.0,0.0,0.0,0.0,0.0,0.030367161721248447,0.0,0.038537545900164276,0.0,0.0,0.0,0.04450594299551534,0.0,0.0,0.0,0.0,0.01909092166445195,0.0,0.0,0.0,0.0,0.0,0.0,0.07922574735035295,0.025916024390305093,0.0,0.0,0.03537863887979282,0.0,0.0,0.0,0.0,0.0,0.021059913318376755,0.0,0.0,0.0,0.0,0.0,0.0,0.0,0.0,0.0,0.0,0.0,0.04135722924409394,0.0,0.0,0.0,0.0,0.0,0.0
41,0.0,0.0,0.0,0.09479077490141152,0.0,0.0,0.0,0.0,0.0,0.0,0.06581319079763194,-0.14160527408905263,0.0,0.0,0.0,0.0,0.0,0.0,-0.12408836367100312,0.0,0.02508566580474402,0.0,0.0,0.0,0.035166891628156845,0.0,0.0,0.0,0.0,0.051535614527164895,0.0,0.0,0.0,0.0,0.0,0.0,0.0,0.0,0.0,0.0,0.0,0.0,0.0,0.0,0.0,0.0,0.0,0.0,0.07237517287994494,0.0,0.0,0.0,0.0,0.0,0.0,0.0,0.0,0.0,0.03635524657319988,0.0,0.0,0.0,0.0,0.05417350410709809,0.0
42,0.0,0.0,0.0,-0.07587508310473112,0.0,0.0,0.0,0.0,0.0,0.09627425789720241,0.0,-0.12871615883724988,0.0,0.0,0.0,0.0,0.0,0.0,-0.07527124016845883,0.0,0.0,0.0,0.0,0.0,-0.08449058065967349,0.0,0.0,0.0,0.0,0.0,0.0,0.0,0.08219286619978747,0.0,0.0,0.0,0.0,0.0,0.3586093555392106,0.19279580610285751,0.0,0.0,0.0,0.0,0.0,0.0,0.09932431585605586,-0.08254194719772441,0.0,0.0,0.0,0.0,0.0,0.0,0.0,0.0,0.0,0.0,0.0,0.0,0.0,0.0,0.0,0.0,0.0
43,0.0,0.0,0.0,0.08629600487415766,0.0,0.0,0.0,0.0,0.0,0.019126363047000706,0.006115097876677109,0.0,0.007207200028719851,0.0,0.0,0.0,0.0,0.0,0.0,0.0,0.013806427973423031,0.0,0.0,0.0,0.0,0.0,0.0,0.0,0.0,0.0,0.0,0.0,0.0,0.0,0.0,0.0,0.0,0.0,0.0,0.0,0.0,0.013456243582160798,0.0,0.0,0.0,0.0,0.03159774721153285,0.0,0.0,0.0,0.0,0.0,0.0,0.0,0.0,0.0,0.0,0.0,0.05531099121652128,0.0,0.0,0.03237021075385639,0.0,0.004760814629233334,0.0
44,0.0,0.0,0.0,0.09228960255750031,0.0,0.0,0.0,0.0,0.0,0.05857089594676924,0.0,0.0,0.0,0.0,0.0,0.0,0.0,0.0,0.0,0.0,0.04084921563124555,0.0,0.0,0.0,0.07340069113035481,0.0,0.0,0.0,0.0,0.08622003534866256,0.0,0.0,0.0,0.0,0.0,0.0,0.0,0.0,0.0,0.0,0.031755113566437426,0.0,-0.12484365368899124,0.0,0.0,0.0,0.0,0.0,0.0,0.0,0.0,0.0,0.0,0.04355491523134678,0.0,0.0,0.0,-0.16803261367067404,0.0,0.0,0.0,0.046398634286541375,0.0,0.0,0.0
45,0.0,0.0,0.0,0.0,0.0,0.0,0.0,0.052729274797160275,0.0,0.0,0.0,0.0,0.07378724022734241,0.0,0.0,0.0,0.0,0.0,0.0,0.0,0.0,0.0,0.0,0.0,-0.12632052426857787,0.0,0.0,0.0,0.0,0.05618845375530193,0.0,0.0,0.0,0.0,0.0,0.0,0.0,0.0,0.0,0.0,0.0,0.0523423954089354,0.0,0.0,0.0,0.0,0.05219721726204323,0.0,0.0968510457090548,0.0,0.0,0.0,0.0,0.0,-0.0967744536207562,0.0,0.0,0.0,0.06776031675894466,0.0,-0.0934363066427143,0.0,0.0,0.0,0.0
46,0.0,0.0,-0.07567395512504263,0.0,0.0,0.0,0.0,0.0,0.0,0.05434559728974993,0.0,0.0,0.0,0.0,-0.09165222449005536,0.0,0.0,0.0,0.0,0.0,0.047285181674373726,0.0,0.0,0.0,0.0,0.0,0.0,0.0,0.0,0.0,0.0,0.0,0.0,0.0,0.04560292399020793,0.0,0.07696620133962966,0.0,0.0,0.0,0.0,0.0,0.056834555642300014,0.0,0.0,0.0,0.0,0.0,0.0,0.0,0.0,0.0,0.0,0.0,0.0,0.0,0.0,-0.15188751446996168,0.0644468718426023,0.0,0.0,0.06028065122606513,0.0,0.0,0.0
47,0.0,0.0,0.0,0.0,0.0,0.0,0.0,0.0,0.0,0.0,0.0,-0.10815288088735983,0.0,0.0,-0.06648241022110321,0.0,0.0,0.0,0.05918475686011443,-0.06358627328318937,0.0,0.0,0.0,0.0,0.07971783094632198,0.0,0.0,0.0,0.0,0.06844051497230097,0.0,0.0,0.0,0.0,0.0,0.0,0.0,0.0,0.0,0.0,0.0,0.0,0.0,0.0,0.0,0.0,-0.060642830626785924,0.0,0.0,0.0,0.0,0.0,0.0,0.0,-0.05165073151713083,0.0,0.0,0.0,0.07454419654253254,0.0,-0.04430693549097495,0.0,0.0,0.0,0.0
48,0.0,0.0,-0.07732649212021686,0.0,0.0,-0.06597050784411503,0.0,0.0,0.0,-0.0720532631656539,0.08080046791181802,0.0,0.0,0.0,0.0,0.0,0.0,0.0,0.0,0.0,0.065351336323186,0.0,0.0,0.0,0.08139478583658653,0.0,0.0,0.0,0.0,0.0,0.0,0.0,0.0,0.0,0.0,0.0,0.0,0.0,0.0,0.0,0.0,0.0,0.0,0.0,0.0,0.0,0.0,0.0,0.11010941724314241,0.0,0.0,0.0,0.0,0.0,-0.06927523129094884,0.0,0.0,0.0,0.0,0.0,-0.09262028838098883,0.0,0.0,0.0772568613623756,0.0
49,0.0,0.0,0.0,0.0,0.0,0.0,0.0,0.035350496057509166,0.03459341841443296,0.0,0.0,-0.17363819974756795,0.05813620178634983,0.0,0.0,0.0,0.0,0.0,0.0,0.0,0.0,0.0,0.0,0.0,-0.12688689465880504,0.0,0.0,0.0,0.0,0.05128562202070906,0.0,0.0,0.0,0.0,0.032349646089241804,0.0,0.0,0.0,0.0,0.0,0.0,0.0,0.0,0.0,0.0,0.0,0.0,0.0,0.11110072182419024,0.0,0.0,0.0,0.0,0.0,0.0,0.0,0.0,0.0,0.07473914120082847,0.0,0.0,0.0,0.0,0.03284517646478909,0.0
50,0.0,0.0,-0.049528015294823285,0.0,0.0,0.0,0.0,0.10124550252265277,-0.03938591859839469,0.0,0.0,0.0,0.0,0.0,0.0,0.0,0.0,0.0,0.0,-0.06608699081010726,0.0,0.0,0.0,0.0,-0.08091642094392691,0.0,0.0,0.0,-0.05512351589815972,0.0,0.0,0.0,-0.04815167790903958,0.0,0.0,0.0,0.0,0.0,0.0,0.16098630382089024,0.0,0.0,0.0,0.0,0.0,0.0,0.0,0.0,0.11331136871589703,0.0,0.0,0.0,0.0,0.0,0.0,0.0,0.0,0.0,0.0,0.0,-0.05998682101389794,0.0,0.0,0.0,0.0
51,0.0,0.0,-0.08140285598845726,0.0,0.0,0.0,0.0,0.09992802114389025,0.0,0.0,0.0,0.0,0.0,0.0,0.0,0.0,0.0,0.0,0.0,-0.06428763697227137,0.0,0.0,0.0,0.0,-0.07808831225715208,0.0,0.0,0.0,-0.08265556756898307,0.0,0.0,0.0,-0.07023544974839796,0.0,0.07663929051952618,0.0,0.0,0.0,0.0,0.13154658860111398,0.0,0.0,0.0,0.0,0.0,0.0,0.0,0.0,0.11326491375897443,0.0,0.0,0.0,0.0,0.0,-0.06834517689715244,0.0,0.0,0.0,0.0,0.0,0.0,0.0,0.0,0.0,0.0
52,0.0,0.0,0.0,0.0,0.0,0.0,0.0,0.0,0.04086645244329834,0.0,0.0,0.0,0.06429002165607471,0.0,0.0,0.0,0.0,0.0,-0.09990818283924158,0.0,0.0,0.0,0.0,0.0,-0.0846981322124982,0.0,0.0,0.0,0.0,0.04716596863106279,0.0,0.0,0.0,0.0,0.0,0.0,0.0,0.0,0.0,0.0,0.0,0.0,0.0,0.0,0.0,0.0,0.046602178739174875,0.0,0.1098343338305891,0.0,0.0,0.0,0.0,0.0,0.0,0.0,0.0,0.0,0.08500199565855959,0.0,-0.09046903675149139,0.0,0.0,0.045183147995952744,0.0
53,0.0,0.0,0.0,0.0,0.0,0.0,0.0,0.0,0.0,0.0,0.1353600884401059,0.0,0.0,0.0,0.0,0.0,0.0,0.0,0.0,0.0,0.0,0.0,0.0,0.0,-0.07419942670139637,0.0,0.0,0.0,0.0,0.08347173287232117,0.0,0.0,0.0,0.0,0.0,0.0,0.0,0.0,0.0,0.0,0.0,0.0,-0.10924628595994174,0.0,0.0,0.0,-0.08219745013942578,0.0,0.0,0.0,0.0,0.0,0.0,0.0,-0.07388970647826337,0.0,-0.05007360431001154,0.0,0.0,0.0,0.0,0.09842777576521582,0.0,-0.11071285219506379,0.21966228113517694
54,0.0,0.0,0.0,0.09493549975727031,0.0,0.0,0.0,0.0,0.0,0.0,0.05806163431891504,-0.12895018467736816,0.05816930513210901,0.0,0.0,0.0,0.0,0.0,0.0,0.0,0.0,0.0,0.0,0.0,0.0,0.0,0.0,0.0,0.0,0.05300516839388313,0.0,0.0,0.0,0.0,0.0,0.0,0.0,0.0,0.0,0.0,0.0,0.0,-0.10641407630807341,0.0,0.0,0.0,0.0,0.0,0.07448380149853218,0.0,0.0,0.0,0.0,0.0,0.0,0.0,0.0,0.0,0.0514525993714649,0.0,-0.11161299813501978,0.0,0.0,0.05017984056616288,0.0
55,0.0,0.0,0.0,0.0,0.0,0.0,0.0,0.0,0.0,0.0,0.0,0.0,0.0,0.0,-0.08744546929295209,0.0,0.0,0.0,-0.05996699983269328,0.0,0.0,0.0,0.0,0.0,-0.03738419151159942,0.0,-0.0377221450630711,0.0,0.0,0.0,0.0,0.0,-0.035007291652701014,0.0,0.0,0.0,0.0,0.0,0.0,0.0,0.0,0.0,-0.05745932735614793,0.0,0.0,0.0,0.0,0.0,0.14031251727154853,0.0,0.0,0.0,0.0,0.0,-0.02291476899946948,0.0,0.0,0.0,0.11469612843640929,0.0,-0.07046172094421037,0.0,0.0,0.0,0.0
56,0.0,0.0,0.0,0.0,0.0,0.0,0.0,0.0,0.0,0.0,0.0,0.0,0.0,0.0,0.0,0.0,0.0,0.0,0.0,0.0,0.09344728549476897,0.0,0.0,0.0,0.0,0.0,0.0,0.0,0.0,0.0,0.0,0.0,0.10798163288498899,0.0,-0.06226178413482056,0.0,0.0,0.0,0.0,0.0,0.0,0.0,-0.13557405141046036,0.0,0.0,0.0,-0.12331126401837958,0.0,0.15812751684687132,-0.05895107190457792,0.0,0.0,0.0,0.0,-0.07321888766040174,0.0,0.0,0.0,0.13608269860731542,0.0,0.0,0.0,0.0,-0.17047571798085576,0.0
57,0.0,0.0,0.0,-0.043194192697865,0.0,-0.051485162346364334,0.0,0.0,0.0,0.0,0.10427430658150194,0.0,0.0,0.0,0.0,0.0,0.0,0.0,0.0,0.0,0.0,0.0,0.0,0.0,-0.059856402242488484,0.0,0.0,0.0,0.0,-0.02746286999760938,0.0,0.0,0.0,0.0,0.0,0.0,0.0,0.0,0.0,0.20846139514609555,0.0,0.0,0.0,0.0,-0.03920759961666592,0.0,-0.0586365672570681,0.0,0.0,0.0,0.0,0.0,0.0,0.0,-0.05315723346330897,0.0,0.0,0.0,0.0,0.0,-0.0532712219840927,0.0,0.0,0.0,0.0
58,0.0,0.0,0.0,0.0,0.0,0.0,0.0,0.0,-0.021352507233708278,0.0,0.0,-0.06817572656684366,0.0,0.0,-0.013359783482745526,0.0,0.0,0.0,-0.031118608548082273,0.0,0.0,0.0,0.0,0.0,-0.059614160006091356,0.0,0.0,0.0,0.0,0.0,0.0,0.0,0.0,0.0,0.0,0.0,0.0,0.0,0.0,0.2186558724801481,0.0,0.0,0.0,0.0,0.0,0.0,-0.050435127056905574,-0.007803895882826345,0.0,0.0,0.0,0.0,0.0,0.0,0.0,0.0,0.0,-0.08705956949912032,0.0,0.0,-0.052463294316628245,0.0,0.0,0.0,0.0
59,0.0,0.0,-0.022999965597232302,-0.02137285550259535,0.0,0.0,0.0,0.0,0.0,-0.01577911727555471,0.0,0.0,0.0,0.0,0.0,0.0,0.0,0.0,0.0,-0.063420499911396,0.0,0.0,0.0,0.0,-0.058608751168611264,0.0,0.0,0.0,0.0,0.0,0.0,0.0,-0.04966848758947286,0.0,0.0,0.0,0.0,0.0,0.0,0.0,0.0,0.0,0.0,0.0,0.0,0.0,0.0,0.0,0.0,0.0,0.0,0.0,0.0,0.0,-0.028991764955500945,0.0,0.0,0.0,0.16224793406171775,-0.07277169918661262,-0.06185666237074974,0.0,0.0,0.0,0.0
60,0.0,0.0,0.0,-0.007949546459217775,0.0,0.0,0.0,0.0,0.0,0.0,0.0,0.0,0.0,0.0,0.0,0.0,0.0,-0.008970757472244375,0.0,0.0,0.0,-0.004314885862370008,0.0,0.0,-0.04012376042270137,0.0,0.0,0.0,0.0,-0.0158482846553484,0.0,0.0,-0.02080398207967845,0.0,0.0,0.0,0.0,0.0,0.0,0.0,0.0,0.0,0.0,0.0,0.0,0.0,0.0,0.0,-0.0024069774596865157,0.0,0.0,0.0,0.0,0.0,-0.023121041499360666,0.0,0.0,0.0,0.0,-0.03013063016227656,-0.03355321648548705,0.0,0.0,0.0,0.0
61,0.0,-0.03095733527614616,-0.056852696241977065,0.0,0.0,-0.02812025012861902,0.0,0.0,0.0,0.0,0.0,0.0,0.0,0.0,0.0,0.0,0.0,0.0,0.0,-0.04862875076414106,0.0,0.0,0.0,0.0,-0.05902600990629298,0.0,0.0,0.0,-0.04964612983833689,0.0,0.0,0.0,-0.04655007419959179,0.0,0.0,0.0,0.0,0.0,0.0,0.1741217570340487,0.0,0.0,0.0,0.0,0.0,0.0,0.0,0.0,0.0,0.0,0.0,0.0,0.0,0.0,-0.020862997909699896,0.0,-0.046092688931942016,0.0,0.0,0.0,0.0,0.0,0.0,0.0,0.0
62,0.0,0.0,-0.03952923295843025,-0.021940272343925604,0.0,0.0,0.0,0.0,0.0,0.0,0.0,0.0,0.0,0.0,0.0,0.0,0.0,0.0,0.0,0.0,-0.03514076802720271,0.0,0.0,0.0,-0.034715969156275395,0.0,0.0,0.0,-0.07104338710212589,-0.02650390729229585,-0.03711512924389507,0.0,0.0,0.0,0.0,0.0,0.0,0.0,0.0,0.15912704986059267,0.0,0.0,0.0,0.0,0.0,0.0,0.0,0.0,0.0,0.0,0.0,0.0,0.0,0.0,-0.04096151941929374,0.0,0.0,0.0,0.0,0.0,-0.05002112726655793,0.0,0.0,0.0,0.0
63,0.0,0.0,0.0,0.0,0.0,0.0,0.0,0.0,0.0,0.1155775814853056,0.0,-0.10461559890301517,0.0,0.0,-0.03235539474204701,0.0,0.0,0.0,0.0,-0.030814067137401202,0.0,0.0,0.0,0.0,-0.036027160924588505,0.0,0.0,0.0,0.0,0.0,0.0,0.0,-0.0426934512515989,0.0,0.0,0.0,0.0,0.0,0.0,0.0,0.0,0.0,0.0,0.0,0.0,0.0,0.0,0.0,0.0,0.0,0.0,0.0,0.0,0.0,-0.043029324658394985,0.0,0.0,-0.1190437636560639,0.1425687369440629,0.0,-0.0415955761482469,0.0,0.0,0.0,0.0
64,0.0,0.0,0.0,0.0,0.0,0.0,0.0,0.0,-0.04536029114130606,0.0,0.0,-0.13101518157100794,0.0,0.0,0.0,0.0,0.0,0.0,0.0,-0.08564029496140597,0.0,-0.03196982540482293,0.0,0.0,0.0,0.0,0.0,0.0,0.0,0.10203749016529026,0.0,0.0,0.0,0.0,0.0,0.0,0.0,0.0,0.0,0.0,0.0,0.0,0.0,0.0,0.0,0.0,0.10759954210197077,0.0,0.0,0.0,0.0,0.0,0.0,0.0,-0.05251084981703232,0.0,0.0,-0.11960556275328288,0.0,0.0,-0.04906861233952715,0.09487815804442387,0.0,0.0,0.0
65,0.0,0.0,0.01324865406022443,0.0724654629232265,0.0,0.0,0.0,0.0,0.0,0.0,0.0,0.0,0.0,0.0,0.0,0.0,0.0,0.0,0.0061995731878548566,0.0,0.02352471420362924,0.0,0.0,0.0,0.057632222573992725,0.0,0.0,0.0,0.0,0.025945527575050933,0.0,0.0,0.0,0.0,0.0,0.0,0.0,0.0,0.0,0.1274287236110265,0.0,0.0,0.0,0.0,0.0,0.0,0.011466766465152788,0.0,0.0,0.011111767014593979,0.0,0.0,0.0,0.0,0.0,0.0,0.0,0.0,0.0,0.0,0.0,0.0,0.0,0.030740967748682745,0.0
66,0.0,0.0,0.0,-0.017093858455476466,0.0,0.0,0.0,0.0,0.0,0.0,0.0,0.0,0.0,0.0,0.0,0.0,0.0,0.0,0.0,-0.03039145192886245,-0.01899657610348854,0.0,0.0,0.0,-0.03941841384538196,0.0,0.0,0.0,0.0,0.0,0.0,0.0,-0.02560899081636828,0.0,0.0,0.0,0.0,0.0,0.0,0.0,0.0,0.0,0.0,0.0,0.0,0.0,0.0,0.0,-0.020198866481535287,0.0,0.0,0.0,0.0,0.0,-0.036586712168140904,0.0,-0.028096401696831915,0.0,0.0,-0.027481440294959764,-0.04941414663983653,0.0,0.0,0.0,0.0
67,0.0,0.0,-0.022649965936455838,-0.01631148519210965,0.0,0.0,0.0,0.0,0.0,-0.03130580578498931,0.0,0.0,0.0,0.0,0.0,0.0,0.0,0.0,-0.058893386486495676,0.0,0.0,0.0,0.0,0.0,0.0,-0.011842053453553825,0.0,0.0,0.0,0.0,0.0,0.0,-0.019625826692788034,0.0,0.0,0.0,0.0,0.0,0.0,0.0,0.0,0.0,0.0,0.0,0.0,-0.03682120265872561,0.0,0.0,0.0,0.0,0.0,0.0,0.0,0.0,-0.021177722333657806,0.0,-0.02032868729237359,-0.07226243099220174,0.0,0.0,0.0,0.0,0.0,0.0,0.0
68,0.0,0.0,0.0,0.0,0.0,-0.016789053660572706,0.0,0.0,0.0,0.0,0.0,0.0,0.0,0.0,0.0,0.0,0.0,0.0,0.0,0.0,0.0,0.0,0.0,0.0,-0.053878600128148414,0.0,0.0,0.0,-0.05106109540286589,0.0,0.0,0.0,-0.024467278107189638,0.0,0.0,0.0,0.0,0.0,0.0,-0.015427774103832177,0.0,0.0,0.0,0.0,0.0,0.0,-0.029392157803388108,0.0,0.0,0.0,0.0,0.0,-0.016453524853117647,0.0,-0.020518024720917852,0.0,0.0,0.0,0.0,-0.03715615676161688,-0.02921916616076744,0.0,0.0,0.0,0.0
69,0.0,0.0,0.0,0.0,0.0,0.0,0.0,0.0,0.0,0.0,0.0,0.0,0.0,0.0,0.0,0.0,0.0,0.0,0.0,-0.029683521666307958,0.0,0.0,0.0,0.0,-0.07876377649167503,0.0,0.0,0.0,-0.04970281380260967,-0.03732043970734936,-0.019158359311489546,0.0,-0.017540063490706914,0.0,0.0,0.0,0.0,0.0,0.0,0.0,0.0,0.0,-0.06831898823079392,0.0,0.0,0.0,0.0,0.0,-0.024162445840489453,0.0,0.0,0.0,0.0,0.0,0.0,0.0,-0.032745349876881796,0.0,0.0,0.0,-0.04234939242114949,0.0,0.0,0.0,0.0
70,0.0,0.0,-0.038455690156928554,0.0,0.0,0.0,0.0,0.0,0.0,-0.034567498853300134,0.0,0.0,0.0,0.0,0.0,0.0,-0.03255035167642045,0.0,-0.05450421245327233,0.0,0.0,0.0,0.0,0.0,0.0,0.0,0.0,0.0,0.0,0.0,0.0,0.0,-0.039996696519730736,0.0,0.0,0.0,0.0,0.0,0.0,0.0,0.0,0.0,0.0,0.0,0.0,-0.03288789598821252,0.0,0.0,0.0,0.0,0.0,-0.03107076639968734,0.0,0.0,0.0,0.0,-0.03438313553563466,-0.10854319583260773,0.0,-0.022613604443024182,0.0,0.0,0.0,0.0,0.0
71,0.0,0.0,-0.04839481683669331,-0.026734482513859605,0.0,0.0,0.0,0.0,0.0,-0.023706549233793506,0.0,0.0,0.0,0.0,0.0,0.0,0.0,0.0,-0.0391720192997024,0.0,0.0,0.0,0.0,0.0,0.0,0.0,0.0,0.0,-0.04052519960568921,-0.022297184941227798,0.0,0.0,-0.03086311918671272,0.0,0.0,0.0,0.0,0.0,0.0,0.0,0.0,0.0,0.0,0.0,0.0,0.0,0.0,0.0,0.0,0.0,0.0,0.0,0.0,0.0,-0.034559350389350686,0.0,-0.04623436171290983,0.0,0.0,0.0,-0.035699870042824926,0.0,0.0,0.0,0.0
72,0.0,0.0,-0.05092691370265182,0.0,0.0,0.0,0.0,0.0,0.0,-0.01655128984672466,0.0,0.0,0.0,0.0,0.0,0.0,0.0,0.0,-0.050821960829085605,0.0,0.0,0.0,0.0,0.0,0.0,0.0,0.0,0.0,-0.03799984836537934,0.0,0.0,0.0,-0.04479806382474503,0.0,0.0,0.0,0.0,0.0,0.0,0.0,0.0,-0.11278432570114821,0.0,0.0,0.0,-0.02303518536453574,0.0,0.0,0.0,0.0,0.0,0.0,0.0,0.0,0.0,0.0,-0.0641255381619836,-0.07610871429217114,0.0,-0.031162978055706277,0.0,0.0,0.0,0.0,0.0
73,0.0,0.0,0.0,0.0,0.0,0.0,0.0,0.0,0.0,0.0,0.0,0.0,-0.008223147021928334,0.0,-0.02962729612388509,0.0,0.0,0.0,-0.04230125843595128,0.0,0.0,0.0,0.0,0.0,-0.019409137803562813,0.0,0.0,0.0,0.0,0.0,0.0,0.0,-0.012298775489453325,0.0,0.0,0.0,0.0,0.0,0.0,0.0,0.0,0.0,-0.08219783668181879,0.0,0.0,0.0,0.0,0.0,0.0,0.0,-0.012350866369163275,0.0,0.0,0.0,-0.028297100430540435,0.0,-0.01624794697496298,0.0,0.0,0.0,-0.04374516451436536,0.0,0.0,0.0,0.0
74,0.0,0.0,0.0,-0.02214317711228039,0.0,0.0,0.0,0.0,0.0,0.0,0.0,-0.07666026745518036,0.0,0.0,-0.05637483014412508,0.0,0.0,0.0,0.0,0.0,0.0,0.0,0.0,0.0,-0.046561904046118235,0.0,0.0,0.0,0.0,-0.03404854374922099,0.0,0.0,0.0,0.0,0.0,0.0,0.0,0.0,0.0,0.0,0.0,0.0,0.0,0.0,0.0,0.0,-0.04677205249992642,-0.0334173325099799,0.0,0.0,0.0,0.0,0.0,0.0,-0.03137445212032648,0.0,0.0,-0.09719601002644863,0.0,0.0,-0.023825036331626748,0.0,0.0,0.0,0.0
75,0.0,0.0,0.0,-0.019516809267582997,0.0,0.0,0.0,0.0,0.0,0.0,0.0,-0.09373339943874241,0.0,0.0,-0.05001412089161467,0.0,0.0,0.0,-0.03578335892454524,0.0,0.0,0.0,0.0,0.0,-0.033857388063092686,0.0,0.0,0.0,0.0,-0.02398149535349839,0.0,0.0,0.0,0.0,0.0,0.0,0.0,0.0,0.0,0.0,0.0,0.0,0.0,0.0,0.0,0.0,-0.051344393619928694,0.0,0.0,0.0,0.0,0.0,0.0,0.0,-0.0077537005917306945,0.0,0.0,-0.09240801216038028,0.0,0.0,-0.05998092768411714,0.0,0.0,0.0,0.0
76,0.0,0.0,0.0,0.0,0.0,0.0,0.0,0.0,0.06452506114406475,0.0,0.0,-0.14252995860767503,0.0,0.0,0.0,0.0,0.0,0.0,0.0,0.0,0.0,0.0,0.0,0.0,0.0,0.0,0.0,0.0,0.0,0.0,0.0,0.0,0.0,0.0,0.0,0.0,0.10158986425228896,0.0,0.41330264606509687,0.16819435535674354,-0.13077482399511198,-0.14444274533624274,0.0,0.0,0.07693916870188192,0.0,0.0,0.0,0.0,0.05456895633825768,0.0,0.0,0.0,0.0,0.0,0.0,0.0,0.0,0.0,0.0,0.0,0.0,0.0,0.06773096024077095,0.0
77,0.0,0.0,0.0,0.10195843395921994,0.0,0.0,0.0,0.0,0.0,0.0,0.0,-0.13960632650388494,0.0,0.0,0.0,0.0,0.0,0.0,0.0,-0.06171486834708621,0.0,0.0,0.0,0.0,0.10665820093242039,0.0,0.0,0.0,-0.07071630616620442,0.0,0.0,0.0,0.0,0.0,0.0,0.0,0.1457548569756141,0.0,0.0,0.0,-0.16468941060608172,-0.16933007938795036,0.0,0.0,0.0,0.0,0.0,0.0,0.0,0.0,0.0,0.0,0.0,0.0,0.0,0.0,0.0,-0.15425755717802078,0.14931959279703966,0.0,0.0,0.0,0.0,0.0,0.0
78,0.0,0.0,0.0,0.0,0.0,0.0,0.0,0.06878777265845382,0.0,0.0,0.0,0.0,0.07046256267466561,0.0,0.0,0.0,0.0,0.0,0.0,0.0,0.0,0.0,0.0,0.0,-0.10177103259521686,0.0,0.0,0.0,0.0,0.06926459806215295,0.0,0.0,0.0,0.0,0.0,0.0,0.0,0.0,0.0,0.0,0.0,0.0,-0.10852965808143553,0.0,0.0,0.0,0.0,0.0,0.1259486098586964,0.0,0.0,0.0,0.0,0.0,-0.08978579175685185,0.0,0.0,0.0,0.11553005762636874,0.0,-0.09581677762143903,0.0,0.0,0.05149162799788685,0.0
79,0.0,0.0,0.0,0.0,0.0,0.0,0.0,0.0,0.0,0.0,0.0,0.0,0.0,0.0,-0.059248284865068765,0.0,0.0,0.0,-0.06723177794150802,0.0,0.0,0.0,0.0,0.0,-0.060423392268054654,0.0,-0.035269802798968616,0.0,0.0,0.0,0.0,0.0,-0.041216428797283454,0.0,-0.056876215084644056,0.0,0.0,0.0,0.0,0.0,0.0,0.0,-0.11984169798250137,0.0,0.0,0.0,0.0,0.0,0.16581015795664933,0.0,0.0,0.0,0.0,0.0,-0.056741771110268534,0.0,0.0,0.0,0.0,0.0,-0.06906040759951958,0.0,0.0,0.0,0.0
80,-0.03467005555174569,0.0,-0.0717170928682102,0.0,0.0,0.0,0.0,0.0,-0.022457994455153174,-0.04105548280651351,0.0,-0.08341778545154824,0.0,0.0,0.0,0.0,0.0,0.0,0.0,-0.05218173418176287,0.0,0.0,0.0,0.0,-0.06784337419464802,0.0,0.0,0.0,-0.05256567869748249,0.0,0.0,0.0,-0.03186036393492539,0.0,0.0,0.0,0.0,0.0,0.0,0.0,0.0,0.0,0.0,0.0,0.0,0.0,0.0,0.0,0.0,0.0,0.0,0.0,0.0,0.0,0.0,0.0,0.0,0.0,0.0,0.0,-0.0563802564748454,0.0,0.0,0.0,0.0
81,0.0,0.0,-0.062014282012058115,0.0,0.0,0.0,0.0,0.0,0.0,0.0,0.0,0.0,0.0,0.0,0.0,0.0,0.0,0.0,0.0,0.0,0.0,0.0,0.0,0.0,0.0,0.0,0.0,0.0,0.0,0.0,0.0,0.0,0.0,0.0,-0.029975825476496232,0.0,0.0,0.0,0.0,0.0,0.0,0.0,-0.09567073844302644,0.0,0.0,0.0,-0.07383739138324151,0.0,-0.02476213980260377,0.0,0.0,0.0,0.0,0.0,-0.05102556129931564,0.0,-0.023933071312641885,-0.07125506537833051,0.0,0.0,-0.06971463345002617,0.0,0.0,-0.06152976712631344,0.0
82,0.0,0.0,-0.053595997503788045,0.0,0.0,-0.03112136280476241,0.0,0.0,0.0,0.0,0.0,0.0,0.0,0.0,-0.05332384353206519,0.0,0.0,0.0,0.0,0.0,0.0,0.0,0.0,0.0,-0.046478409152101816,0.0,0.0,0.0,0.0,0.0,0.0,0.0,0.0,0.0,-0.03450345179333092,0.0,0.0,0.0,0.0,0.0,0.0,0.0,-0.08999620854017658,0.0,0.0,0.0,-0.07448341262103991,0.0,0.0,0.0,-0.04869194293416605,0.0,0.0,0.0,0.0,0.0,0.0,0.0,0.0,0.0,-0.10117391496823955,0.0,0.0,-0.07438549185952681,0.0
83,0.0,0.0,0.0,0.0,0.0,0.0,0.0,0.0,0.0,-0.042689586527949484,0.0,0.0,0.0,0.0,0.0,0.0,0.0,0.0,0.0,-0.08263316665744332,0.0,0.0,0.0,0.0,-0.09345215381126329,0.0,0.0,0.0,-0.05256954358464847,-0.03784850850418032,-0.04033479510072824,0.0,-0.06597442881899918,0.0,0.0,0.0,0.0,0.0,0.0,0.0,0.0,0.0,0.0,0.0,0.0,0.0,0.0,0.0,-0.040002481998585,0.0,0.0,0.0,0.0,0.0,-0.04401669107761623,0.0,0.0,0.0,0.0,0.0,-0.06018013672947544,0.0,0.0,0.0,0.0
84,0.0,0.0,0.0,0.0,0.0,0.0,0.0,0.0,0.0,0.0,0.0,-0.10384402679707067,0.0,0.0,-0.045937428091263624,0.0,-0.03422103991980438,0.0,0.0,0.0,0.0,0.0,0.0,0.0,-0.06479031016501359,0.0,0.0,0.0,0.0,0.0,0.0,0.0,0.0,0.0,-0.05227410763820581,0.0,0.0,0.0,0.0,0.0,0.0,0.0,-0.10070665703435637,0.0,0.0,0.0,-0.08368784168400115,0.0,0.0,0.0,0.0,0.0,0.0,0.0,-0.039773114107442,0.0,-0.05276800556346011,0.0,0.0,0.0,-0.07593493312159312,0.0,0.0,0.0,0.0
85,0.0,0.0,-0.058266550142564245,-0.03727865801567065,0.0,0.0,0.0,0.0,0.0,0.0,0.0,0.0,0.0,0.0,0.0,0.0,0.0,0.0,-0.048929700114665284,0.0,0.0,0.0,0.0,0.0,0.0,0.0,0.0,0.0,-0.05294387304737415,0.0,0.0,0.0,-0.03551726088362454,0.0,0.0,0.0,0.0,0.0,0.0,0.0,0.0,-0.1281400489744839,0.0,0.0,0.0,0.0,-0.0507963224741088,0.0,0.0,0.0,0.0,0.0,0.0,0.0,0.0,0.0,-0.06582037973813235,-0.11131500695298854,0.0,-0.05650215605535524,0.0,0.0,0.0,0.0,0.0
86,0.0,0.0,-0.07222543954128398,-0.04355569387869219,0.0,0.0,0.0,0.0,0.0,-0.06474551120800599,0.0,-0.0986435407425584,0.0,0.0,0.0,0.0,0.0,0.0,0.0,-0.0473105893366833,0.0,0.0,0.0,0.0,-0.06693779884402928,0.0,0.0,0.0,-0.08493936452685741,0.0,0.0,0.0,-0.03616382008654272,0.0,0.0,0.0,0.0,0.0,0.0,0.0,0.0,0.0,0.0,0.0,0.0,0.0,0.0,0.0,0.0,0.0,0.0,0.0,0.0,0.0,0.0,0.0,-0.033222019137856273,0.0,0.0,0.0,-0.039297428085623747,0.0,0.0,0.0,0.0
87,0.0,0.0,-0.0939607542948415,0.0,0.0,0.0,0.0,0.0,0.0,0.0,0.0,-0.11670760181568832,0.0,0.0,-0.09458876634844891,0.0,0.0,0.0,-0.050626529302354284,0.0,0.0,0.0,0.0,0.0,-0.09701599640320718,0.0,0.0,0.0,0.0,-0.050410282897073916,0.0,0.0,0.0,0.0,0.0,0.0,0.0,0.0,0.0,0.0,0.0,-0.08223136204531034,0.0,0.0,0.0,-0.047233644442861364,0.0,0.0,0.0,0.0,0.0,0.0,0.0,0.0,-0.037419015978260584,0.0,0.0,0.0,0.0,0.0,-0.059925368884111034,0.0,0.0,0.0,0.0
88,0.0,0.0,-0.06855883446483188,0.0,0.0,0.0,0.0,0.0,0.0,-0.09003957316415127,0.0,-0.14214790209026223,0.0,0.0,0.0,0.0,0.0,0.0,0.0,0.0,-0.059000017636409115,0.0,0.0,0.0,-0.10216895103730396,0.0,0.0,0.0,-0.06398719285694542,0.0,0.0,0.0,0.0,0.0,-0.08047820644124706,0.0,0.0,0.0,0.0,0.0,0.0,0.0,0.0,0.0,0.0,0.0,0.0,0.0,-0.05491489057126642,-0.10336036226628267,0.0,0.0,0.0,0.0,0.0,0.0,-0.06351063912176658,0.0,0.0,0.0,0.0,0.0,0.0,0.0,0.0
89,0.0,0.0,0.0,0.0,0.0,0.0,0.0,0.0,0.0,-0.08272168378028988,0.0,-0.1682124873635797,0.0,0.0,0.0,0.0,0.0,0.0,0.0,0.0,0.0,0.0,0.0,0.0,-0.12664233372131842,0.0,0.0,0.0,-0.08540092440014255,-0.07169387656455843,0.0,0.0,0.0,0.0,0.0,0.0,0.0,0.0,0.0,0.0,0.0,0.0,-0.15670772131624364,0.0,0.0,0.0,-0.11410358574835715,0.0,0.0,-0.10119779922975194,0.0,0.0,0.0,0.0,0.0,0.0,-0.07384320653403131,0.0,0.0,0.0,0.0,0.0,0.0,-0.13009466082293336,0.0
90,0.0,0.0,0.0,0.0,0.0,0.0,0.0,0.0,0.0,0.0,0.0,0.0,0.0,0.0,-0.07535199399113235,0.0,0.0,0.0,-0.0752573401479753,0.0,0.0,0.0,0.0,0.0,0.0,0.0,0.0,0.0,0.0,0.0,0.0,0.0,0.0,0.0,0.0,0.0,0.0,0.0,0.0,0.0,-0.12485239888822708,-0.13174562051703798,-0.13720859695842405,0.0,0.0,0.0,-0.08297928236263143,0.0,0.0,0.0,0.0,0.0,-0.068211104070219,0.0,-0.06870293183688869,0.0,0.0,-0.2047176002641553,0.0,0.0,-0.065293444677076,0.0,0.0,0.0,0.0
91,0.0,0.0,0.0,-0.08784243215405318,0.0,0.0,0.0,0.0,0.0,-0.1034674419080515,0.0,-0.15417212960066373,0.0,0.0,0.0,0.0,0.0,0.0,0.0,0.0,-0.07652809822038001,0.0,0.0,0.0,-0.11785760100920104,0.0,0.0,0.0,-0.0753294589157596,0.0,0.0,0.0,0.0,0.0,-0.08031317983846852,0.0,0.0,0.0,0.0,0.0,0.0,0.0,-0.12537056322825013,0.0,0.0,0.0,-0.11171509564244826,0.0,0.0,0.0,0.0,0.0,0.0,0.0,-0.08939329127126891,0.0,0.0,0.0,0.0,0.0,0.0,0.0,0.0,0.0,0.0
92,0.0,0.0,0.0,0.0,0.0,0.0,0.0,0.0,0.0,-0.10884944245084223,0.0,-0.1363682885360488,0.0,0.0,0.0,0.0,0.0,0.0,0.0,0.0,0.0,0.0,0.0,0.0,-0.12680731079596283,0.0,0.0,0.0,0.0,0.0,0.0,0.0,0.0,0.0,0.0,0.0,0.0,0.0,0.0,0.0,0.0,0.0,-0.14251043434553531,0.0,0.0,0.0,-0.11274595002662736,0.0,0.0,-0.09233070704247681,0.0,0.0,0.0,0.0,-0.11147267406475393,0.0,-0.10162688641012715,-0.18704333393536554,0.0,0.0,0.0,0.0,0.0,-0.15314336266225761,0.0
93,0.0,0.0,0.0,0.0,0.0,0.0,0.0,0.0,0.0,0.0,0.0,-0.19694334364443336,0.0,0.0,0.0,0.0,0.0,0.0,-0.08795261389551007,0.0,-0.08063917424806588,0.0,0.0,0.0,-0.14457794877856506,0.0,0.0,0.0,0.0,0.0,0.0,0.0,0.0,0.0,-0.092607302104162,0.0,0.0,0.0,0.0,0.0,0.0,-0.18264297331205942,0.0,0.0,0.0,0.0,-0.1370184578661592,0.0,0.0,0.0,0.0,0.0,0.0,0.0,-0.09723575346251866,0.0,0.0,-0.20615478242675614,-0.08874589332891765,0.0,0.0,0.0,0.0,0.0,0.0
94,0.0,0.0,0.0,0.0,0.0,0.0,0.0,0.0,0.0,0.0,0.0,-0.23569625227292798,0.0,0.0,0.0,0.0,0.0,0.0,0.0,-0.15426421156334194,0.0,0.0,0.0,0.0,-0.1898751642749159,0.0,0.0,0.0,-0.15946201668711188,0.0,0.0,0.0,-0.14085240556185327,0.0,0.0,0.0,0.0,0.0,0.0,0.0,-0.27786919140501953,-0.23986524302129733,0.0,0.0,0.0,0.0,0.0,0.0,0.0,0.0,0.0,0.0,0.0,0.0,-0.146777467733346,0.0,0.0,-0.2238167588874282,0.0,0.0,-0.14354732237187182,0.0,0.0,0.0,0.0
95,0.0,0.0,0.0,0.0,0.0,0.0,0.0,0.0,0.0,-0.11023161564048971,0.0,-0.16132246654456722,0.0,0.0,-0.11623475516454346,0.0,0.0,0.0,0.0,0.0,0.0,0.0,0.0,0.0,0.0,0.0,0.0,0.0,0.0,0.0,0.0,0.0,0.0,0.0,-0.11562991785936984,0.0,0.0,0.0,0.0,0.0,0.0,0.0,-0.1659159738629353,0.0,0.0,0.0,0.0,0.0,0.0,-0.0999089262340356,0.0,0.0,0.0,0.0,-0.1004066857031134,0.0,-0.13108849479681361,-0.1965921561701851,0.0,0.0,0.0,0.0,0.0,-0.19605565409268982,0.0
96,0.0,0.0,-0.1337674773290731,0.0,0.0,0.0,0.0,0.0,0.0,0.0,0.0,-0.17491410514776953,0.0,0.0,0.0,0.0,0.0,0.0,0.0,0.0,0.0,0.0,0.0,0.0,0.0,0.0,-0.12424039601571173,0.0,-0.12172411040703512,0.0,0.0,0.0,0.0,0.0,0.0,0.0,0.0,0.0,0.0,0.0,-0.21915768930070087,-0.18421102154316976,0.0,0.0,0.0,-0.10367880933001716,0.0,0.0,0.0,0.0,0.0,0.0,0.0,0.0,0.0,0.0,-0.1116943303350028,-0.16827437500670966,0.0,-0.13516602587605206,0.0,0.0,0.0,0.0,0.0
97,0.0,0.0,0.0,0.0,0.0,0.0,0.0,0.0,0.0,-0.12151639952017182,0.0,-0.17651200943175474,0.0,0.0,0.0,0.0,0.0,0.0,0.0,0.0,0.0,0.0,0.0,0.0,-0.1273611730375589,0.0,0.0,0.0,-0.08299001620012003,0.0,0.0,0.0,0.0,0.0,0.0,0.0,0.0,0.0,0.0,0.0,0.0,0.0,-0.18625065549879022,0.0,0.0,0.0,-0.12647465488589857,0.0,0.0,-0.10162735634296094,0.0,0.0,0.0,0.0,-0.1013180816394715,0.0,-0.0938108669152372,0.0,0.0,0.0,0.0,0.0,0.0,-0.20216277900826227,0.0
98,0.0,0.0,0.0,0.0,0.0,0.0,0.0,0.0,0.0,-0.14861706404304753,0.0,-0.17986365538967455,0.0,0.0,-0.11872581112934522,0.0,0.0,0.0,0.0,0.0,-0.11430251882439427,0.0,0.0,0.0,-0.15790541068747804,0.0,0.0,0.0,0.0,0.0,0.0,0.0,0.0,0.0,0.0,0.0,0.0,0.0,0.0,0.0,0.0,0.0,-0.20404954388205843,0.0,0.0,0.0,-0.1275906956994235,0.0,-0.12515988726282487,0.0,0.0,0.0,0.0,0.0,0.0,0.0,0.0,-0.20448282457581163,0.0,0.0,0.0,0.0,0.0,-0.17755933375345112,0.0
99,0.0,0.0,-0.12589030380752772,0.0,0.0,0.0,0.0,0.0,0.0,0.0,0.0,-0.16513790743418186,0.0,0.0,0.0,0.0,0.0,0.0,0.0,-0.11335768597467642,0.0,0.0,0.0,0.0,-0.14768845099156835,0.0,0.0,0.0,0.0,0.0,0.0,0.0,-0.12227527629568453,0.0,0.0,0.0,0.0,0.0,0.0,0.0,-0.22614744128343478,-0.18650345433592527,0.0,0.0,0.0,0.0,0.0,0.0,0.0,-0.11309164686557138,0.0,0.0,0.0,0.0,0.0,0.0,-0.11424897299937473,0.0,0.0,-0.11836084135205613,0.0,0.0,0.0,0.0,0.0
100,0.0,0.0,0.0,0.0,0.0,0.0,0.0,0.0,0.0,-0.11896408078839554,0.0,-0.23355307425829253,0.0,0.0,-0.1590229937637486,0.0,0.0,0.0,-0.11945317826214757,0.0,0.0,0.0,0.0,0.0,-0.15808604279704144,0.0,0.0,0.0,0.0,0.0,0.0,0.0,0.0,0.0,0.0,0.0,0.0,0.0,0.0,0.0,0.0,-0.23940356902990162,-0.22532007384392758,0.0,0.0,0.0,-0.12928515451669936,0.0,0.0,0.0,0.0,0.0,0.0,0.0,-0.11677256203411956,0.0,0.0,-0.2415835090553362,0.0,0.0,0.0,0.0,0.0,0.0,0.0
101,0.0,0.0,-0.145674107703019,0.0,0.0,0.0,0.0,0.0,0.0,0.0,0.0,-0.2081759364775519,0.0,0.0,0.0,0.0,0.0,0.0,-0.13913447876532178,0.0,0.0,0.0,0.0,0.0,-0.18204832732860296,0.0,0.0,0.0,-0.1543272318134518,0.0,0.0,0.0,-0.14401716176006052,0.0,0.0,0.0,0.0,0.0,0.0,0.0,-0.25178450878405495,-0.21744198785490476,0.0,0.0,0.0,0.0,0.0,0.0,0.0,0.0,0.0,0.0,0.0,0.0,0.0,0.0,-0.1621205721419688,0.0,0.0,-0.1644970804161152,0.0,0.0,0.0,0.0,0.0
102,0.0,0.0,0.0,0.0,0.0,0.0,0.0,0.0,0.0,0.0,0.0,-0.25689827619995154,0.0,0.0,0.0,0.0,0.0,0.0,-0.15698180259443192,-0.15983090207875283,0.0,0.0,0.0,0.0,-0.19291548463157157,0.0,0.0,0.0,-0.17827762320251006,0.0,0.0,0.0,0.0,0.0,0.0,0.0,0.0,0.0,0.0,0.0,-0.2679972223193884,-0.25601915204687703,0.0,0.0,0.0,0.0,0.0,0.0,0.0,0.0,0.0,0.0,0.0,0.0,0.0,0.0,-0.1490917541147464,-0.27701364066906475,0.0,0.0,-0.16828510050525866,0.0,0.0,0.0,0.0
103,0.0,0.0,-0.19236424696509963,0.0,0.0,0.0,0.0,0.0,0.0,0.0,0.0,-0.25454404328168423,0.0,0.0,-0.19454927448655313,0.0,0.0,0.0,0.0,-0.1721273025344875,0.0,0.0,0.0,0.0,-0.1869613411770037,0.0,-0.1569049436909083,0.0,-0.15846407526418033,0.0,0.0,0.0,0.0,0.0,0.0,0.0,0.0,0.0,0.0,0.0,-0.2922839554709682,-0.2512584026812129,0.0,0.0,0.0,0.0,0.0,0.0,0.0,0.0,0.0,0.0,0.0,0.0,0.0,0.0,0.0,0.0,0.0,-0.15696298419874233,0.0,0.0,0.0,0.0,0.0
104,0.0,0.0,-0.13699389090403172,0.0,0.0,0.0,0.0,0.0,-0.14023732196371708,0.0,0.0,-0.2544432174563769,0.0,0.0,0.0,0.0,0.0,0.0,-0.15561583106339968,-0.16854656488295883,0.0,0.0,0.0,0.0,-0.18579430372644143,0.0,0.0,0.0,-0.14511287238447723,0.0,0.0,0.0,0.0,0.0,0.0,0.0,0.0,0.0,0.0,0.0,-0.2896007422150601,-0.2471925028055097,0.0,0.0,0.0,0.0,0.0,0.0,0.0,0.0,0.0,0.0,0.0,0.0,0.0,0.0,0.0,-0.2617924266609826,0.0,0.0,0.0,0.0,0.0,0.0,0.0
105,0.0,0.0,-0.13380172055391856,0.0,0.0,0.0,0.0,0.0,0.0,0.0,0.0,-0.19953171768450575,0.0,0.0,0.0,0.0,0.0,0.0,-0.1319912495500109,0.0,-0.11373034102099355,0.0,0.0,0.0,0.0,0.0,0.0,0.0,-0.1281251948686875,0.0,0.0,0.0,0.0,0.0,0.0,0.0,0.0,0.0,0.0,0.0,-0.19422402183906418,-0.19641964729759911,0.0,0.0,0.0,0.0,0.0,0.0,0.0,0.0,0.0,0.0,0.0,0.0,0.0,0.0,0.0,-0.18051899845889452,-0.12131145084770556,0.0,-0.11431447726147724,0.0,0.0,0.0,0.0
106,0.0,0.0,0.0,0.0,0.0,0.0,0.0,0.0,0.0,0.0,0.0,-0.23711208590623697,0.0,0.0,-0.19320534593948252,0.0,0.0,0.0,0.0,0.0,0.0,0.0,0.0,0.0,-0.2014073859336817,0.0,0.0,0.0,0.0,0.0,-0.15594167467154207,0.0,0.0,0.0,-0.1489236893019844,0.0,0.0,0.0,0.0,0.0,0.0,0.0,-0.23998305279103094,0.0,0.0,0.0,-0.1781616871615863,0.0,0.0,-0.2010369016807351,0.0,0.0,0.0,0.0,0.0,0.0,0.0,-0.2719385103159803,-0.14972403189120562,0.0,0.0,0.0,0.0,0.0,0.0
