Morgan_13,Morgan_34,Morgan_41,Morgan_47,Morgan_53,Morgan_56,Morgan_57,Morgan_58,Morgan_90,Morgan_93,Morgan_108,Morgan_115,Morgan_138,Morgan_140,Morgan_165,Morgan_168,Morgan_180,Morgan_185,Morgan_196,Morgan_198,Morgan_205,Morgan_221,Morgan_223,Morgan_233,Morgan_235,Morgan_240,Morgan_241,Morgan_250,Morgan_267,Morgan_271,Morgan_272,Morgan_282,Morgan_284,Morgan_307,Morgan_324,Morgan_349,Morgan_354,Morgan_360,Morgan_362,Morgan_363,Morgan_377,Morgan_378,Morgan_383,Morgan_390,Morgan_408,Morgan_425,Morgan_427,Morgan_435,Morgan_452,Morgan_460,Morgan_464,Morgan_494,Morgan_506,Morgan_510,Morgan_530,Morgan_533,Morgan_543,Morgan_576,Morgan_577,Morgan_578,Morgan_581,Morgan_589,Morgan_596,Morgan_600,Morgan_619,Morgan_624,Morgan_625,Morgan_637,Morgan_640,Morgan_644,Morgan_649,Morgan_650,Morgan_656,Morgan_659,Morgan_667,Morgan_669,Morgan_675,Morgan_709,Morgan_712,Morgan_715,Morgan_716,Morgan_728,Morgan_730,Morgan_749,Morgan_755,Morgan_777,Morgan_786,Morgan_818,Morgan_829,Morgan_848,Morgan_857,Morgan_864,Morgan_875,Morgan_881,Morgan_890,Morgan_897,Morgan_908,Morgan_922,Morgan_932,Morgan_949,Morgan_967,Morgan_970,Morgan_978,Morgan_983,Morgan_1009,Morgan_1010,Morgan_1021,Morgan_1022,MACCS_4,MACCS_17,MACCS_26,MACCS_32,MACCS_47,MACCS_55,MACCS_58,MACCS_60,MACCS_66,MACCS_67,MACCS_77,MACCS_80,MACCS_82,MACCS_84,MACCS_86,MACCS_105,MACCS_108,MACCS_111,MACCS_112,MACCS_117,MACCS_130,MACCS_132,MACCS_142,MACCS_152,MACCS_155,AtomPair_7,AtomPair_20,AtomPair_31,AtomPair_47,AtomPair_53,AtomPair_61,AtomPair_73,AtomPair_83,AtomPair_97,AtomPair_122,AtomPair_135,AtomPair_139,AtomPair_140,AtomPair_141,AtomPair_165,AtomPair_168,AtomPair_170,AtomPair_176,AtomPair_179,AtomPair_181,AtomPair_190,AtomPair_199,AtomPair_225,AtomPair_227,AtomPair_229,AtomPair_233,AtomPair_240,AtomPair_243,AtomPair_244,AtomPair_246,AtomPair_260,AtomPair_278,AtomPair_291,AtomPair_293,AtomPair_298,AtomPair_303,AtomPair_316,AtomPair_359,AtomPair_371,AtomPair_374,AtomPair_379,AtomPair_386,AtomPair_389,AtomPair_396,AtomPair_399,AtomPair_401,AtomPair_402,AtomPair_406,AtomPair_407,AtomPair_425,AtomPair_432,AtomPair_437,AtomPair_439,AtomPair_440,AtomPair_445,AtomPair_447,AtomPair_449,AtomPair_457,AtomPair_459,AtomPair_468,AtomPair_470,AtomPair_477,AtomPair_486,AtomPair_490,AtomPair_501,AtomPair_502,AtomPair_504,AtomPair_510,TopoTorsion_3,TopoTorsion_8,TopoTorsion_16,TopoTorsion_17,TopoTorsion_28,TopoTorsion_45,TopoTorsion_53,TopoTorsion_60,TopoTorsion_94,TopoTorsion_96,TopoTorsion_101,TopoTorsion_104,TopoTorsion_105,TopoTorsion_112,TopoTorsion_114,TopoTorsion_116,TopoTorsion_122,TopoTorsion_128,TopoTorsion_129,TopoTorsion_136,TopoTorsion_141,TopoTorsion_144,TopoTorsion_157,TopoTorsion_189,TopoTorsion_192,TopoTorsion_193,TopoTorsion_198,TopoTorsion_201,TopoTorsion_209,TopoTorsion_212,TopoTorsion_216,TopoTorsion_218,TopoTorsion_220,TopoTorsion_228,TopoTorsion_233,TopoTorsion_252,TopoTorsion_265,TopoTorsion_276,TopoTorsion_300,TopoTorsion_322,TopoTorsion_336,TopoTorsion_352,TopoTorsion_356,TopoTorsion_378,TopoTorsion_400,TopoTorsion_416,TopoTorsion_417,TopoTorsion_428,TopoTorsion_429,TopoTorsion_432,TopoTorsion_433,TopoTorsion_437,TopoTorsion_438,TopoTorsion_470,MolLogP,MolMR,QED,MQN_0,MQN_2,MQN_7,MQN_11,MQN_12,MQN_13,MQN_15,MQN_19,MQN_20,MQN_21,MQN_22,MQN_25,MQN_26,MQN_27,MQN_30,MQN_41,PEOE_VSA_1,PEOE_VSA_2,PEOE_VSA_3,PEOE_VSA_4,PEOE_VSA_5,PEOE_VSA_6,PEOE_VSA_7,PEOE_VSA_8,PEOE_VSA_9,PEOE_VSA_10,PEOE_VSA_11,SMR_VSA_2,SMR_VSA_4,SMR_VSA_5,SMR_VSA_6,SMR_VSA_7,SlogP_VSA_0,SlogP_VSA_1,SlogP_VSA_2,SlogP_VSA_3,SlogP_VSA_5,SlogP_VSA_6,HeavyAtomCount,NumHAcceptors,F_2297,F_2298
0.049070310721720495,0.0,0.06142571306275666,0.0,0.08577754431357604,0.0,0.0,0.0,0.0,0.0,0.0,0.0,0.0,7.719878549026279e-06,-1.2195870307955044e-08,0.0,0.0,0.0,0.0,0.0,0.0,0.0,0.0,2.7383434750633895e-05,-0.0008114901644795868,0.0,0.0,0.0,0.0,-0.0897590864452166,0.0,0.0,0.0,0.0,0.0,0.0,0.0,0.0,0.0,0.0,0.0,0.0,0.0,-0.0012584631791259836,0.0,0.03668272751561277,0.0,0.0,0.0017616835321584523,0.0,0.0,0.0,0.0,0.0,0.0,0.0,0.0,-0.029508633668075542,5.168203497270523e-09,-2.3718743832201608e-07,0.0,-5.483185793964769e-06,0.0,-0.08669058803379838,0.0,0.0,0.16224276520089853,0.0,0.0,0.0,0.0,0.0,-0.012689909764329335,0.005565841267425814,0.0,0.0,0.0,2.3938522898241674e-07,0.0,0.0008511330714633089,0.0,0.0,0.13843126147549048,0.0,0.0,0.0,0.011249768749860157,0.0,-0.05629414809625833,0.0,-0.0012767003946299463,0.0,-4.438101253661326e-07,0.0,0.0,2.8296118310705987e-08,0.0,0.0,0.0,0.0,0.0,0.0,-0.002632287534091459,0.0,0.0,0.0,0.0,0.0,0.0,0.0,0.0,0.0,0.0,0.0,3.066499672939012e-07,0.0,0.0,-1.1013746781006538e-05,0.024452316238357592,3.1267770685047e-07,0.0008790586845554952,0.0014247989160511756,-0.0043960560291529446,0.0,0.0,-0.12285917672513762,3.5418132256116058e-06,-2.55873864493791e-07,5.16420750961246e-07,0.04893004916276682,-0.024441820276076665,0.0,0.0,7.651883702167444e-06,0.001314761108383578,0.0,1.6559392365181336e-05,0.0,0.02453514544888179,-0.0250645398721226,0.0,-0.0028761568898342557,0.0,0.0010297594245392756,0.0,-0.123128938319761,0.010063906798444261,1.1506058698157982e-08,0.0,0.0011834505508888098,-0.14692540357601136,-0.0009551133695249662,0.0,-0.07339140318806173,2.480259018244153e-06,0.002242735512829109,0.0008990446335091224,5.123579762014653e-06,0.0,0.06150465295530436,0.0,0.0734120273931681,-9.24257766465094e-07,2.341977237374081e-06,-8.356703163178345e-07,0.0,1.8040805823576252e-08,0.0,-1.1854892820493805e-05,0.06137124685428041,0.0,0.0,0.0,0.0,0.043355469390929935,0.006665442254028446,4.7436958374369106e-07,0.0,-0.0011105094528885743,0.0,1.563210989473634e-05,0.0,-0.07342013404168887,0.0,0.02422423381276076,0.0,0.04908521620674326,0.00010869214838946686,0.0,0.07380210380523386,0.001171264196787343,0.0,0.0877660050201805,-0.00017396583857361148,-3.168705073341733e-08,0.0,-6.224324146787523e-08,-0.08447905903816387,0.0,0.0,0.0,0.0,0.0,0.0,0.0,-0.20283963325436416,0.0,0.004054707851134613,0.0,0.0,0.0,0.0,0.018344624648316606,-0.0030753441907658014,-1.0407954221288828e-08,0.0,0.0,0.0,0.0,0.0,0.0,-2.6347694450051633e-07,0.0,0.0,0.018413345943842273,0.0,-3.1565472846303204,0.0,0.0,0.0,6.100412275958367e-07,-2.1229503169614803e-06,0.0,0.022973998208329807,0.0,0.0,-0.02444241028165137,-0.0013420859893585155,0.0,0.003296191409602137,-1.9751112304160255e-06,0.0,0.0007199692758233598,-0.0009228668049843934,0.0,0.0,0.0,0.0,6.277098160195529e-06,-0.000988806193930923,0.026298077030863544,-0.0021714403395002115,0.0,0.0,0.0,0.03193747469174683,-0.7386296625418766,-0.09998476894804073,-0.0238677518616277,-0.0012473960460349718,-0.09859146851966495,0.10528294521691137,0.058526548410830964,-0.024635509328743692,3.8388263664581608,-1.605020200524639e-05,-0.09527572557364838,-0.08298484175435575,-0.04982097833755526,-0.23152102658121065,-0.007137663601194325,-0.0021382547668268577,-0.009375239523943864,-8.23589799476014e-06,-0.07364131124393382,0.0,0.0,0.0,0.07879400526988661,-0.04984636762628527,-0.13857471361152388,-0.03805574463306215,0.3460274909602094,-1.7557240772600575,-0.07335094335813733,-0.005447604617429517,-0.005293616902496253,-0.12229580961511534,-0.0020256156828983036,-0.11909436781275752,-3.7780756380242355e-07,-0.04502387596141466,0.08653611023033853,0.02898433704995282,-0.001080430523199158,-0.007565954583410259,2.8880392435655162,-0.12141474456904332,0.06230071077757199,-1.4871475240342861e-05
0.003258629375251251,0.0,0.00408208069144193,0.0,0.005700395484933409,0.0,0.0,0.0,0.0,0.0,0.0,0.0,0.0,-4.3695039471185713e-07,-2.3063823505057365e-08,0.0,0.0,0.0,0.0,0.0,0.0,0.0,0.0,2.9501032284877572e-05,0.00047654104659232134,0.0,0.0,0.0,0.0,-0.0581097976798424,0.0,0.0,0.0,0.0,0.0,0.0,0.0,0.0,0.0,0.0,0.0,0.0,0.0,-0.000308583884423921,0.0,0.00243777151675752,0.0,0.0,-0.004739311676187141,0.0,0.0,0.0,0.0,0.0,0.0,0.0,0.0,-0.030587835290866117,1.7602844260483164e-09,-8.078578058148453e-08,0.0,-2.8336579617396215e-06,0.0,-0.061399900179864894,0.0,0.0,0.9749968071821425,0.0,0.0,0.0,0.0,0.0,0.001365544637683265,0.00047587799522323356,0.0,0.0,0.0,1.041827750135327e-07,0.0,-0.0004985761099657393,0.0,0.0,0.8082839284433578,0.0,0.0,0.0,-0.00030648779719458,0.0,-0.03823867088476298,0.0,0.002817128934404812,0.0,1.5116124049955498e-07,0.0,0.0,9.637626770318646e-09,0.0,0.0,0.0,0.0,0.0,0.0,0.018934581638445178,0.0,0.0,0.0,0.0,0.0,0.0,0.0,0.0,0.0,0.0,0.0,-1.981598749770542e-08,0.0,0.0,9.9741693554466e-06,0.0016249925804793243,1.0649768300142039e-07,-0.0005162201144148096,-0.0008320676903712644,0.03159672180554809,0.0,0.0,0.004082338226694642,-1.2063376885766068e-06,-8.71503567801416e-08,-1.7589233970405859e-07,-0.006503792877758047,-0.0016242950653373943,0.0,0.0,-4.331018399729653e-07,0.0007073986398368162,0.0,-9.372729096970736e-07,0.0,-0.0036017614344806084,-0.0017112758936096621,0.0,-0.0016900268107275242,0.0,0.000604717907114692,0.0,-0.008183032740703894,0.21222052459457594,-2.17593087128618e-08,0.0,-0.0006949717800615427,0.0048820056220364285,0.0005608826140482388,0.0,0.0024389697433264993,-6.166557302047767e-07,0.0012066892161417485,0.000527627055825447,-8.236559988313079e-07,0.0,0.004087206394799925,0.0,0.0048786380263113995,-3.034877782716588e-07,1.8094779411182235e-06,-2.7269301975460655e-07,0.0,6.14467861826068e-09,0.0,-2.6818142620809083e-06,0.00407846110858532,0.0,0.0,0.0,0.0,0.28399249872716403,-0.0009629149087967409,-2.68496421983698e-08,0.0,0.000652137709234675,0.0,-8.847880889972597e-07,0.0,0.0024395883791243547,0.0,0.14227582392521063,0.0,-0.006523552875062306,-6.103301754693504e-06,0.0,0.0049045607760929725,0.0006302743311126381,0.0,0.011062634479884278,-3.820497077134375e-05,-1.0792574623412357e-08,0.0,1.098461962804675e-07,-0.051524587147463045,0.0,0.0,0.0,0.0,0.0,0.0,0.0,0.11310607958407828,0.0,0.0025496852863029873,0.0,0.0,0.0,0.0,0.018850938417270608,0.022121353332964732,-3.5449377588101308e-09,0.0,0.0,0.0,0.0,0.0,0.0,8.973995746684661e-08,0.0,0.0,-0.0027030807475120814,0.0,13.272050596344666,0.0,0.0,0.0,1.3811499934598785e-07,7.230745426684785e-07,0.0,0.02427157703447212,0.0,0.0,0.0008121671372466849,0.000788129160377379,0.0,0.0003839452207268378,-6.727207124170969e-07,0.0,0.0007464068330405712,-0.0005429666742610048,0.0,0.0,0.0,0.0,2.1379727284267342e-06,0.0005806684531229031,0.027527940744671735,0.015619429238339345,0.0,0.0,0.0,-0.020173540852775382,-0.3709548201109565,-0.027669043725128704,-0.023725407467815627,-0.0003058554956169826,0.0032759760523565305,0.023064914348199485,0.03381537337531104,-0.001637339173789197,-0.6856547566241254,-3.633809551204241e-06,-0.006045958866578197,-0.008999243524181341,-0.004155846343038022,-0.010219254855658501,-0.020224122473597412,-0.002223202571736468,0.0009908226765915264,2.8051377973597563e-06,-0.0048954244621835855,0.0,0.0,0.0,0.001657018550350916,-0.019695273651774873,0.23518795322137753,0.04289378784442493,0.0841484782318888,-0.25029174064258825,-0.004873047319435775,-0.02213899347011534,-0.0028091812555346993,0.0040616068397957335,-0.009761059534369914,-0.030562644854658236,-1.2868084063508676e-07,-0.0008738516951760728,0.06547490911047509,0.09356510260192662,0.0006344741006513674,-0.024746479249207958,0.38696003855986555,-0.009132757575577202,0.00674706243019356,-3.332968298747351e-06
-0.005961502875261807,0.0,0.0037617564520732475,0.0,0.005253080748691151,0.0,0.0,0.0,0.0,0.0,0.0,0.0,0.0,-1.6476189486674042e-06,-1.2195870307955044e-08,0.0,0.0,0.0,0.0,0.0,0.0,0.0,0.0,-6.043810350302723e-05,-0.0008114901644795868,0.0,0.0,0.0,0.0,-0.1460197977282791,0.0,0.0,0.0,0.0,0.0,0.0,0.0,0.0,0.0,0.0,0.0,0.0,0.0,-0.0004410501700344986,0.0,0.00224647757479868,0.0,0.0,0.0017616835321584523,0.0,0.0,0.0,0.0,0.0,0.0,0.0,0.0,-0.07784685965250074,-4.5470839222811615e-09,-2.0868202808572295e-07,0.0,-5.448534922157641e-06,0.0,-0.15470406156588218,0.0,0.0,0.1492459439366544,0.0,0.0,0.0,0.0,0.0,0.0025379819528658673,0.0012618672155948723,0.0,0.0,0.0,1.498799847389552e-07,0.0,-0.0008499293605078475,0.0,0.0,0.1312307619207461,0.0,0.0,0.0,-0.00043805986916372046,0.0,-0.07641902004963885,0.0,-0.00044738102201412507,0.0,-3.9047260555426146e-07,0.0,0.0,-2.4895464101250958e-08,0.0,0.0,0.0,0.0,0.0,0.0,-0.004664866849457616,0.0,0.0,0.0,0.0,0.0,0.0,0.0,0.0,0.0,0.0,0.0,2.7370835000361474e-07,0.0,0.0,-9.402457708089572e-06,-0.0029949561443039455,-2.7509980488152905e-07,0.0008790586845554952,-0.0014179299412692427,-0.0077869154885629385,0.0,0.0,0.003761993778322226,-3.1161547687780363e-06,-2.2512270192069162e-07,-4.543568176229129e-07,-0.005994645858124702,-0.0014968352915986451,0.0,0.0,-1.6331071143959285e-06,0.001314761108383578,0.0,-3.5341966154012845e-06,0.0,0.04348050323864539,-0.0015786783385453819,0.0,-0.0028780922870989866,0.0,0.0010297594245392756,0.0,-0.007541789310009658,0.0084951478601212,1.1506058698157982e-08,0.0,-0.0011834505508888098,-0.00899782122693233,0.0009551133695249662,0.0,0.0022482004850856575,2.1927236375857617e-06,0.002242735512829109,0.0008988840081061057,9.503150999503219e-06,0.0,0.0037662316037500214,0.0,0.004495807275755777,-8.060775153976435e-07,2.7143806575330703e-06,7.831627828065171e-07,0.0,-1.587264474961188e-08,0.0,-1.0120050434250002e-05,0.0037584209008693697,0.0,0.0,0.0,0.0,-0.17389243749998734,-0.0020880794990871376,-1.0124256617381668e-07,0.0,-0.0011105094528885743,0.0,-3.3362908893769814e-06,0.0,-0.004496303732953537,0.0,0.02265482728188992,0.0,0.0030043636433748624,9.278622202658741e-05,0.0,0.004519695845977026,0.0011713148809456464,0.0,0.02749170108683708,-3.6274112491729025e-05,-2.787887106440361e-08,0.0,-6.291487554327055e-08,-0.10739600769663629,0.0,0.0,0.0,0.0,0.0,0.0,0.0,-0.04123937359689842,0.0,0.004054707851134613,0.0,0.0,0.0,0.0,-0.004644270034015426,-0.005450010211768596,9.157116458169152e-09,0.0,0.0,0.0,0.0,0.0,0.0,-2.3181203659487217e-07,0.0,0.0,-0.004661660029187821,0.0,-3.5857844058876926,0.0,0.0,0.0,-1.301983547636991e-07,-1.8678121438591767e-06,0.0,-0.004691025658605481,0.0,0.0,0.0007484357119899028,0.0013420859893585153,0.0,0.0008423182261258692,-1.7377404982907513e-06,0.0,0.0019098628188288173,-0.0009233641069188306,0.0,0.0,0.0,0.0,-5.5227105778858036e-06,0.000988806193930923,-0.00580301552446983,-0.003848142234020681,0.0,0.0,0.0,0.049689673713970775,-0.972014135417742,-0.011977638604542158,0.044520737460570635,-0.0004371561747050298,0.003018907509012658,0.13327564742785197,0.05618376879941624,-0.0015075867764584965,-2.6149133044777697,5.480835852186578e-05,-0.0031450613216080455,-0.012695522826885963,-0.004508085145639254,-0.43420512445860615,-0.011012460896873506,-0.003853619409036213,0.0018647494876528428,-7.2460999992761984e-06,-0.004514474764484892,0.0,0.0,0.0,-0.001626539575152879,0.03668593123289065,0.016055469894733797,-0.020891759882365434,0.2966625121310835,0.604597118530973,-0.004487493961197373,-0.07013969005794285,-0.0052936142542070845,0.0037290073472788536,-0.002025721608052967,-0.038822484244630695,-3.3240229414409263e-07,0.005366723609392077,0.1067537627754882,0.03753730403825678,0.001080430523199158,0.028547062150316722,0.3119186293014718,-0.005883905012974279,0.06827990530782464,5.0525902211228085e-05
0.003258629375251251,0.0,0.00408208069144193,0.0,0.005700395484933409,0.0,0.0,0.0,0.0,0.0,0.0,0.0,0.0,-4.3695039471185713e-07,-2.3063823505057365e-08,0.0,0.0,0.0,0.0,0.0,0.0,0.0,0.0,2.9501032284877572e-05,0.00047654104659232134,0.0,0.0,0.0,0.0,-0.05811597636139558,0.0,0.0,0.0,0.0,0.0,0.0,0.0,0.0,0.0,0.0,0.0,0.0,0.0,-0.000308583884423921,0.0,0.00243777151675752,0.0,0.0,-0.004739311676187141,0.0,0.0,0.0,0.0,0.0,0.0,0.0,0.0,-0.030587835290866117,1.7602844260483164e-09,8.078578058148453e-08,0.0,-2.8336579617396215e-06,0.0,-0.0613764848345076,0.0,0.0,0.12900780293165146,0.0,0.0,0.0,0.0,0.0,0.001365544637683265,0.00047587799522323356,0.0,0.0,0.0,1.041827750135327e-07,0.0,-0.0004985761099657393,0.0,0.0,-11.31597499820701,0.0,0.0,0.0,-0.00030648779719458,0.0,-0.03892268409771677,0.0,0.002817128934404812,0.0,1.5116124049955498e-07,0.0,0.0,9.637626770318646e-09,0.0,0.0,0.0,0.0,0.0,0.0,0.018934581638445178,0.0,0.0,0.0,0.0,0.0,0.0,0.0,0.0,0.0,0.0,0.0,-1.981598749770542e-08,0.0,0.0,9.9741693554466e-06,0.0016249925804793243,1.0649768300142039e-07,-0.0005162201144148096,-0.0008320676903712644,0.03159672180554809,0.0,0.0,-0.008164676453389284,-1.2063376885766068e-06,-8.71503567801416e-08,-1.7589233970405859e-07,-0.006503792877758047,-0.0016242950653373943,0.0,0.0,1.732407359891319e-06,0.0007073986398368162,0.0,-9.372729096970736e-07,0.0,-0.0036017614344806084,0.0008416317822523448,0.0,-0.0016900268107275242,0.0,0.000604717907114692,0.0,-0.008183032740703894,0.037171189994774534,-2.17593087128618e-08,0.0,-0.0006949717800615427,-0.009764011244072853,0.0005608826140482388,0.0,0.0024389697433264993,-6.166557302047767e-07,0.0012066892161417485,0.000527627055825447,3.304246690089032e-06,0.0,0.004087206394799925,0.0,0.0048786380263113995,-3.034877782716588e-07,1.8094779411182235e-06,-2.7269301975460655e-07,0.0,-6.14467861826068e-09,0.0,-2.6818142620809083e-06,0.00407846110858532,0.0,0.0,0.0,0.0,0.04211991099106182,0.003970186981004537,-2.68496421983698e-08,0.0,-0.000652137709234675,0.0,-8.847880889972597e-07,0.0,0.0024395883791243547,0.0,0.0008581733802642363,0.0,0.0032614328372924037,2.4588597460926858e-05,0.0,0.0049045607760929725,0.0006302743311126381,0.0,0.01207488259246814,-3.820497077134375e-05,-1.0792574623412357e-08,0.0,1.098461962804675e-07,-0.051755469312810456,0.0,0.0,0.0,0.0,0.0,0.0,0.0,0.11310588344317866,0.0,0.0025496852863029873,0.0,0.0,0.0,0.0,0.018850938417270608,0.022121353332964732,-3.5449377588101308e-09,0.0,0.0,0.0,0.0,0.0,0.0,8.973995746684661e-08,0.0,0.0,-0.0027030807475120814,0.0,5.5581300115720165,0.0,0.0,0.0,1.3811499934598785e-07,7.230745426684785e-07,0.0,-0.002708976748297601,0.0,0.0,0.0008121671372466849,-0.000788129160377379,0.0,0.0003839452207268378,-6.727207124170969e-07,0.0,0.0007464068330405712,-0.0005429666742610048,0.0,0.0,0.0,0.0,2.1379727284267342e-06,0.0005806684531229031,0.027527940744671735,0.015619429238339345,0.0,0.0,0.0,-0.0016852025727481263,-0.37069036923355153,-0.027669184150551154,-0.023725407467815627,-0.0003058554956169826,0.0032759760523565305,0.02306589944096234,0.03381537337531104,-0.001636942707839532,-0.6677771085854224,-3.633809551204241e-06,-0.006045958866578197,-0.008982487077423154,-0.004155846343038022,-0.22820793448476603,-0.020224346164880152,-0.002223202571736468,0.0009904489158794882,2.8051377973597563e-06,-0.0048954244621835855,0.0,0.0,0.0,0.001657018550350916,-0.019695273651774873,0.01127847403681378,0.043605612199275695,0.08415121906504391,-0.2543183879575446,-0.004873047319435775,-0.02224450111776934,-0.0028091812555346993,0.0040616068397957335,-0.009761059534369914,-0.04037107285521715,-1.2868084063508676e-07,-0.0008738516951760728,0.0654756914955721,0.09356510260192662,0.0006344741006513674,0.07428883443201159,0.37601240936441593,-0.009132757575577202,0.00674706243019356,-3.332968298747351e-06
0.002999600033445909,0.0,0.0037617564520732475,0.0,0.005253080748691151,0.0,0.0,0.0,0.0,0.0,0.0,0.0,0.0,3.344325050860103e-06,-1.2195870307955044e-08,0.0,0.0,0.0,0.0,0.0,0.0,0.0,0.0,2.475044040507377e-05,0.000811490164479587,0.0,0.0,0.0,0.0,-0.138766488225415,0.0,0.0,0.0,0.0,0.0,0.0,0.0,0.0,0.0,0.0,0.0,0.0,0.0,-0.0004410822870165251,0.0,-0.0044929551495973595,0.0,0.0,0.00067738646684897,0.0,0.0,0.0,0.0,0.0,0.0,0.0,0.0,-0.07788082448269117,1.5581089014707686e-08,7.150721893190663e-07,0.0,-3.6727242245105773e-06,0.0,-0.15177485909825322,0.0,0.0,0.09202079167414791,0.0,0.0,0.0,0.0,0.0,0.0009758816476372829,-0.0067038175762365836,0.0,0.0,0.0,1.498799847389552e-07,0.0,0.0008582097805989896,0.0,0.0,-1.6103741545814776,0.0,0.0,0.0,-0.00043805986916372046,0.0,0.7279613541836998,0.0,-0.00044742067332369,0.0,1.3379978308829341e-06,0.0,0.0,8.530707786545168e-08,0.0,0.0,0.0,0.0,0.0,0.0,-0.002817441229311313,0.0,0.0,0.0,0.0,0.0,0.0,0.0,0.0,0.0,0.0,0.0,1.3111632497779958e-06,0.0,0.0,-4.771260199193177e-06,-0.0029949561443039455,-9.426600918267716e-07,-0.0008790586845554952,-0.001417011925198412,-0.004702738293712881,0.0,0.0,-0.00752398755664445,1.0677851050266236e-05,-7.714079875709157e-07,1.5569041919420191e-06,-0.005999214130786172,-0.0014968352915986451,0.0,0.0,-8.287172585984075e-07,0.0005055399370550985,0.0,7.173686783053029e-06,0.0,-0.003751562062576254,-0.0015787418483236403,0.0,0.15828903084361975,0.0,0.0010297594245392756,0.0,0.003774925227200101,-0.0782803715836359,-1.1506058698157982e-08,0.0,-0.0011834505508888098,0.004498910613466166,0.0009551133695249662,0.0,-0.004497773146396545,-7.9950576509591e-06,0.0008623561822427143,0.0009017374707666176,-2.349467521647712e-06,0.0,0.0037652947906368457,0.0,0.004495807275755777,-2.905514636157569e-06,-6.405780548315561e-06,-2.6449871074673767e-06,0.0,-5.438938338641133e-08,0.0,-5.0866904682340865e-06,0.0037584209008693697,0.0,0.0,0.0,0.0,-0.10110842764098557,0.0072090900100631175,2.0550143013165802e-07,0.0,0.0011105094528885743,0.0,6.771979168683669e-06,0.0,0.0022481518664767696,0.0,-0.04993252258437527,0.0,-0.006006194846389777,-1.1272721737703561e-05,0.0,0.004519695845977026,0.00044925453840560044,0.0,0.020005283910915814,-3.6622161162941326e-05,-9.553005378892462e-08,0.0,1.0948742008550297e-06,0.7328274259272878,0.0,0.0,0.0,0.0,0.0,0.0,0.0,-0.0412393680972441,0.0,0.00868084138196465,0.0,0.0,0.0,0.0,-0.0028050330702689523,-0.0032917261812747145,3.137787845763733e-08,0.0,0.0,0.0,0.0,0.0,0.0,7.943297371561242e-07,0.0,0.0,-0.0028155044049742663,0.0,-1.367608906620033,0.0,0.0,0.0,-6.60689202089588e-08,-6.400266142694627e-06,0.0,-0.002236547508835744,0.0,0.0,0.0007484357119899028,0.0013420859893585153,0.0,0.0008507229172287664,-5.954561176061638e-06,0.0,-0.005941795436356416,-0.0009145296854993984,0.0,0.0,0.0,0.0,1.8924182308030458e-05,-0.000988806193930923,-0.0030515657528959687,-0.002324230626510512,0.0,0.0,0.0,-0.007181553843800295,-0.5793737345886006,-0.016526266586152895,-0.015278694725276704,-0.00043719212220649827,0.003018907509012658,0.09988848327452426,0.08908677564179743,0.000754239650268289,-0.9622743887707329,-6.953100660413299e-06,-0.005201335141777323,-0.011797503914974597,-0.00396448355530303,-1.6482231575463393,-0.013329834556312084,-0.0023268051081659067,0.0007088958860806038,2.4829567922246857e-05,-0.004526540022250678,0.0,0.0,0.0,-0.05773014434009586,-0.014002257881313188,0.015015979266840378,0.00200896026512111,-0.7434534153356221,0.1997081311680494,-0.004475568219065396,-0.048499155935656124,-0.0015350333878555973,0.0037380563765430095,-0.0037011322284255304,-0.034288614152919894,1.1390134473422426e-06,0.007376513804486364,-0.05264575065347135,0.060462541913332266,0.001080430523199158,-0.014157785209987887,0.3431147039573143,-0.009161605671336349,0.03940900815758831,-6.235863065131133e-06
0.0012430124060111482,0.0,0.0015635406928625204,0.0,0.002183396404874805,0.0,0.0,0.0,0.0,0.0,0.0,0.0,0.0,-8.360812627157847e-07,-1.2195870307955044e-08,0.0,0.0,0.0,0.0,0.0,0.0,0.0,0.0,2.475044040507377e-05,0.000811490164479587,0.0,0.0,0.0,0.0,-0.14596318449481477,0.0,0.0,0.0,0.0,0.0,0.0,0.0,0.0,0.0,0.0,0.0,0.0,0.0,-0.0004410501700344986,0.0,0.0009337284719389511,0.0,0.0,-0.008808417660792262,0.0,0.0,0.0,0.0,0.0,0.0,0.0,0.0,-0.07784685965250074,1.5581089014707686e-08,-7.150721893190663e-07,0.0,-6.064097386114867e-06,0.0,-0.1545774068765084,0.0,0.0,0.1589790818343266,0.0,0.0,0.0,0.0,0.0,-0.012689909764329335,0.0008994540785849859,0.0,0.0,0.0,1.498799847389552e-07,0.0,-0.0008571116955251338,0.0,0.0,0.12722583845960536,0.0,0.0,0.0,-0.00043805986916372046,0.0,-0.11333697273559748,0.0,-0.00044738102201412507,0.0,1.3379978308829341e-06,0.0,0.0,8.530707786545168e-08,0.0,0.0,0.0,0.0,0.0,0.0,-0.004664866849457616,0.0,0.0,0.0,0.0,0.0,0.0,0.0,0.0,0.0,0.0,0.0,-1.116502220494149e-06,0.0,0.0,1.9085040796770324e-05,0.0006224134742132256,9.426600918267716e-07,-0.0008790586845554952,-0.001417011925198412,-0.007785243126563573,0.0,0.0,-0.003127278670824431,-1.0677851050266236e-05,-7.714079875709157e-07,-1.5569041919420191e-06,0.0012518702897268094,-0.0006221463081793497,0.0,0.0,-8.287172585984075e-07,0.001314761108383578,0.0,-1.7934216957635283e-06,0.0,-0.0062115004626636305,0.00034128137465893064,0.0,-0.0028780922870989866,0.0,0.0010297594245392756,0.0,-0.00313882456414188,0.01001018640838175,-1.1506058698157982e-08,0.0,-0.0011834505508888098,0.00186993227959471,0.0009551133695249662,0.0,0.0009373406652085326,8.51976927565616e-06,0.002242735512829109,0.0009017374707666176,-2.349467521647712e-06,0.0,0.0015642383403190745,0.0,0.0018686424048099633,-2.905514636157569e-06,-3.901255687102298e-06,-2.6449871074673767e-06,0.0,5.438938338641133e-08,0.0,-5.0866904682340865e-06,0.0015621543005995353,0.0,0.0,0.0,0.0,-0.17272872839213796,0.0072090900100631175,-5.1375357533673446e-08,0.0,-0.0011105094528885743,0.0,-1.6929947921719471e-06,0.0,0.0009344243764196812,0.0,-0.09277557683775514,0.0,-0.002492867101303041,-1.1272721737703561e-05,0.0,0.0018785714770694502,0.0011704144919008137,0.0,0.021699469786836425,-5.355446448639806e-05,-9.553005378892462e-08,0.0,1.0948742008550297e-06,-0.10659409733934316,0.0,0.0,0.0,0.0,0.0,0.0,0.0,-0.03507932979753616,0.0,0.0016853033426510278,0.0,0.0,0.0,0.0,-0.004644297292063704,-0.005450080402822849,-3.137787845763733e-08,0.0,0.0,0.0,0.0,0.0,0.0,7.943297371561242e-07,0.0,0.0,-0.004661660029187821,0.0,-3.6037585300909116,0.0,0.0,0.0,-6.60689202089588e-08,6.400266142694627e-06,0.0,-0.004691025658605481,0.0,0.0,-0.0006221613262829918,0.0013420859893585153,0.0,0.0008507229172287664,-5.954561176061638e-06,0.0,0.0019098628188288173,-0.0009145296854993984,0.0,0.0,0.0,0.0,-1.8924182308030458e-05,0.000988806193930923,0.047488526499508216,-0.003848199698641178,0.0,0.0,0.0,0.02414833779850781,-0.901679163976863,-0.009917548495469768,-0.016098015687781943,-0.0004371561747050298,0.001254782120657504,0.13233161891077727,-0.002250691459953041,-0.0006272638853461992,-0.8322059648504618,-6.953100660413299e-06,-0.0016873817841367897,-0.01004322581011994,-0.002822544409400909,-0.4473479897138524,0.02380238450167311,0.02692347817414702,0.0018820348827182907,2.4829567922246857e-05,-0.001857297469937009,0.0,0.0,0.0,-0.004692262418908044,-0.01504620161528109,0.0644630131002759,-0.0012651633266083985,-0.7449739330302911,0.433731848216302,-0.001850389436781373,-0.06896042430352421,0.00038345166358046373,0.001548242163258864,-0.0037011322284255304,-0.002544701876236778,-1.1390134473422426e-06,0.003391929563027227,0.14307362134634335,0.043070718256521826,0.001080430523199158,-0.011362854124410435,-0.13423980797831922,-0.00475722541943357,0.06727970767907628,-6.235863065131133e-06
0.0012367922467842775,0.0,-0.0031270813857250416,0.0,0.002183396404874805,0.0,0.0,0.0,0.0,0.0,0.0,0.0,0.0,6.5904757946644126e-06,-3.791552803482628e-08,0.0,0.0,0.0,0.0,0.0,0.0,0.0,0.0,-6.043810350302723e-05,0.000811490164479587,0.0,0.0,0.0,0.0,-0.14607547367448584,0.0,0.0,0.0,0.0,0.0,0.0,0.0,0.0,0.0,0.0,0.0,0.0,0.0,-0.0004410501700344986,0.0,0.0009337284719389511,0.0,0.0,0.0017616835321584523,0.0,0.0,0.0,0.0,0.0,0.0,0.0,0.0,-0.07784685965250074,-4.5470839222811615e-09,-2.0868202808572295e-07,0.0,-5.448534922157641e-06,0.0,-0.15463314948719653,0.0,0.0,0.15891751341146135,0.0,0.0,0.0,0.0,0.0,0.0025379819528658673,0.0008944353520689895,0.0,0.0,0.0,1.0778593422845501e-07,0.0,0.0008510274455817031,0.0,0.0,0.13843126147549048,0.0,0.0,0.0,0.003942538822473486,0.0,-0.069075115508708,0.0,-0.00044742067332369,0.0,-3.9047260555426146e-07,0.0,0.0,-2.4895464101250958e-08,0.0,0.0,0.0,0.0,0.0,0.0,-0.004664866849457616,0.0,0.0,0.0,0.0,0.0,0.0,0.0,0.0,0.0,0.0,0.0,2.7370835000361474e-07,0.0,0.0,-9.402457708089572e-06,-0.0012448269484264516,-2.7509980488152905e-07,0.0008790586845554952,0.0014235213291973626,-0.0077869154885629385,0.0,0.0,-0.003127278670824431,3.1161547687780906e-06,-2.2512270192069162e-07,4.543568176230213e-07,-0.0024927214612119578,-0.0006221463081793497,0.0,0.0,6.532428457580244e-06,0.001314761108383578,0.0,1.4136786461603403e-05,0.0,0.04348050323864539,-0.0007213866757632924,0.0,-0.0028780922870989866,0.0,-0.0010297594245392756,0.0,-0.0031354825993193,0.009191910800744748,3.577098477798232e-08,0.0,0.0011834505508888098,-0.0037398645591894208,-0.0009551133695249662,0.0,-0.0018690514486274,-1.1587035560573986e-06,0.002242735512829109,0.0008988840081061057,9.503150999503219e-06,0.0,0.00156517515343225,0.0,0.0018686424048099633,-8.236082862296025e-07,2.7143806575330703e-06,-7.462406917244546e-07,0.0,-1.587264474961188e-08,0.0,4.053026149439308e-05,0.0015621543005995353,0.0,0.0,0.0,0.0,0.04231778146203662,0.0072090900100631175,4.0497026469006256e-07,0.0,0.0011105094528885743,0.0,1.3345163557500987e-05,0.0,-0.001868848752839363,0.0,0.023001977518896353,0.0,0.001247699770831494,9.278622202658741e-05,0.0,0.0018785714770694502,0.0011713148809456464,0.0,0.020714106128422987,-5.3206415815185756e-05,-2.787887106440361e-08,0.0,-6.291487554327055e-08,-0.09782573405030019,0.0,0.0,0.0,0.0,0.0,0.0,0.0,0.15567704097664897,0.0,0.004054707851134613,0.0,0.0,0.0,0.0,0.032509822840296194,0.038149897929108285,-9.157116458114942e-09,0.0,0.0,0.0,0.0,0.0,0.0,2.3181203659514323e-07,0.0,0.0,0.03263162020431475,0.0,-3.7781470566936357,0.0,0.0,0.0,5.207934190513269e-07,-1.8678121438591767e-06,0.0,0.0418773035646318,0.0,0.0,-0.0006221613262829918,-0.0013420859893585155,0.0,0.0008423182261258692,-1.7377404982907513e-06,0.0,0.0019098628188288173,0.0009233641069188309,0.0,0.0,0.0,0.0,5.522710577885912e-06,-0.000988806193930923,0.047488526499508216,-0.003848142234020681,0.0,0.0,0.0,0.04689507529389286,-1.0559951954233977,-0.006481108187660034,-0.015024740552806339,-0.0004371561747050298,-0.0025095642413150085,0.07378938899575571,0.05717671160514971,-0.0006259161914055913,-2.319010632738583,5.480835852186578e-05,-0.003169692913158477,-0.00993105152362519,-0.002754844261167996,-0.9322710240008226,-0.008143607663003628,-0.0038190819152336655,0.001865099450567113,-7.2460999992761984e-06,-0.001879306848472477,0.0,0.0,0.0,-0.004692262418908044,-0.014124167175158422,0.0603171891922939,-0.04075163502804926,0.29671318017648096,0.8335958490704118,-0.0018623151789133505,-0.049282370231318554,-0.0052936142542070845,-0.0030416428059401174,-0.002025721608052967,0.18971726563455735,-3.3240229414409263e-07,0.0026236078005899715,0.10395812222214407,0.028973115421020896,-0.001080430523199158,-0.007578527758201991,-0.13343380765306356,-0.0014795247610714995,0.03736585941089267,5.0525902211228085e-05
0.002999600033445909,0.0,0.0037617564520732475,0.0,0.005253080748691151,0.0,0.0,0.0,0.0,0.0,0.0,0.0,0.0,3.344325050860103e-06,-3.791552803482628e-08,0.0,0.0,0.0,0.0,0.0,0.0,0.0,0.0,2.475044040507377e-05,0.000811490164479587,0.0,0.0,0.0,0.0,-0.1413236370631562,0.0,0.0,0.0,0.0,0.0,0.0,0.0,0.0,0.0,0.0,0.0,0.0,0.0,-0.0004410501700344986,0.0,-0.0044929551495973595,0.0,0.0,0.0017616835321584523,0.0,0.0,0.0,0.0,0.0,0.0,0.0,0.0,-0.07788082448269117,1.5581089014707686e-08,-7.150721893190663e-07,0.0,-3.6727242245105773e-06,0.0,-0.15175603145206082,0.0,0.0,0.08869553988471077,0.0,0.0,0.0,0.0,0.0,0.0025379819528658673,-0.0067038175762365836,0.0,0.0,0.0,1.498799847389552e-07,0.0,0.0008582097805989896,0.0,0.0,-1.6103741545814776,0.0,0.0,0.0,-0.00043805986916372046,0.0,0.5879469518430356,0.0,-0.00044742067332369,0.0,1.3379978308829341e-06,0.0,0.0,8.530707786545168e-08,0.0,0.0,0.0,0.0,0.0,0.0,-0.002817441229311313,0.0,0.0,0.0,0.0,0.0,0.0,0.0,0.0,0.0,0.0,0.0,1.3111632497779958e-06,0.0,0.0,-4.771260199193177e-06,-0.0029949561443039455,-9.426600918267716e-07,-0.0008790586845554952,-0.001417011925198412,-0.004702738293712881,0.0,0.0,-0.00752398755664445,1.0677851050266236e-05,-7.714079875709157e-07,1.5569041919420191e-06,-0.005999214130786172,-0.0014968352915986451,0.0,0.0,-8.287172585984075e-07,0.001314761108383578,0.0,7.173686783053029e-06,0.0,-0.003751562062576254,-0.0015787418483236403,0.0,-0.026380509822853282,0.0,0.0010297594245392756,0.0,0.003774925227200101,-0.07188509802760956,-3.577098477798232e-08,0.0,-0.0011834505508888098,0.004498910613466166,0.0009551133695249662,0.0,0.0022505345044239564,-7.9950576509591e-06,0.002242735512829109,0.0009017374707666176,9.483044994386272e-06,0.0,0.0037652947906368457,0.0,0.004495807275755777,-2.923045406989528e-06,-6.405780548315561e-06,-2.663481657628683e-06,0.0,5.438938338641133e-08,0.0,-5.0866904682340865e-06,0.0037584209008693697,0.0,0.0,0.0,0.0,-0.0965191912455437,0.0072090900100631175,2.0550143013165802e-07,0.0,0.0011105094528885743,0.0,6.771979168683669e-06,0.0,0.0022481518664767696,0.0,-0.04534885164003576,0.0,-0.006006194846389777,-1.1272721737703561e-05,0.0,0.004519695845977026,0.0011704144919008137,0.0,0.01736770567006808,-3.6622161162941326e-05,-9.553005378892462e-08,0.0,1.0948742008550297e-06,0.7328274259272878,0.0,0.0,0.0,0.0,0.0,0.0,0.0,0.15875719510477324,0.0,0.004054707851134613,0.0,0.0,0.0,0.0,-0.0028050330702689523,-0.0032917261812747145,3.137787845763733e-08,0.0,0.0,0.0,0.0,0.0,0.0,7.943297371561242e-07,0.0,0.0,-0.0028155044049742663,0.0,-1.4343980429378453,0.0,0.0,0.0,-6.60689202089588e-08,-6.400266142694627e-06,0.0,-0.002236547508835744,0.0,0.0,0.0007484357119899028,0.0013420859893585153,0.0,0.0008507229172287664,-5.954561176061638e-06,0.0,-0.005941795436356416,-0.0009145296854993984,0.0,0.0,0.0,0.0,1.8924182308030458e-05,-0.000988806193930923,-0.0030515657528959687,-0.002324230626510512,0.0,0.0,0.0,-0.00995443810554751,-0.817779047171472,-0.01955465608041415,-0.015278711345442874,-0.00043719212220649827,0.003018907509012658,0.03627335046015108,0.028006415645518968,0.000754239650268289,-0.9778384545588014,-6.953100660413299e-06,-0.005198261105822169,-0.011797504095437322,-0.00396448355530303,-1.6393761460958758,-0.013329834556312084,-0.0023268051081659067,0.0018823848456325611,2.4829567922246857e-05,-0.004526540022250678,0.0,0.0,0.0,-0.05773014434009586,-0.013998341398449589,0.009627066278964464,0.007812671658355325,-0.7444233187922192,0.1825633842942742,-0.004475568219065396,-0.04849277469730657,-0.005293661300278978,0.0037380563765430095,-0.0037011322284255304,0.015183618063103565,1.1390134473422426e-06,0.005319148201942353,0.10529876558839008,0.060462541913332266,0.001080430523199158,-0.014157785209987887,0.3529998278773013,-0.009161605671336349,0.004784841356760669,-6.235863065131133e-06
-0.021809306710233824,0.0,0.013700885887383302,0.0,0.019132514508046115,0.0,0.0,0.0,0.0,0.0,0.0,0.0,0.0,-2.8496710098131154e-06,-3.791552803482628e-08,0.0,0.0,0.0,0.0,0.0,0.0,0.0,0.0,-7.368806612702457e-05,0.000811490164479587,0.0,0.0,0.0,0.0,-0.08280951929700561,0.0,0.0,0.0,0.0,0.0,0.0,0.0,0.0,0.0,0.0,0.0,0.0,0.0,-0.0012584631791259836,0.0,0.008182011061327208,0.0,0.0,0.0017616835321584523,0.0,0.0,0.0,0.0,0.0,0.0,0.0,0.0,-0.029508633668075542,-1.2632404547407994e-07,-5.797464585141285e-06,0.0,-1.2242199224332326e-05,0.0,-0.0823204279128307,0.0,0.0,0.14604263197465453,0.0,0.0,0.0,0.0,0.0,0.0025379819528658673,0.009174747684708072,0.0,0.0,0.0,4.352501945585575e-07,0.0,-0.02516126620362788,0.0,0.0,0.13843126147549048,0.0,0.0,0.0,-0.001249974305540017,0.0,-0.02836742457082706,0.0,-0.001276515895816247,0.0,-1.0847848868138568e-05,0.0,0.0,-6.916291392326107e-07,0.0,0.0,0.0,0.0,0.0,0.0,-0.002632287534091459,0.0,0.0,0.0,0.0,0.0,0.0,0.0,0.0,0.0,0.0,0.0,1.0935201145402312e-05,0.0,0.0,6.504880554671598e-05,-0.010908083203581848,-7.642638854964134e-06,-0.0008790586845554952,-0.041877442264376404,-0.004397951287565281,0.0,0.0,0.013701750265472839,-8.657092840976335e-05,-6.254208393837585e-06,-1.2622637336576203e-05,-0.02187885055011981,-0.005451700497808259,0.0,0.0,-2.8245717880205894e-06,0.001314761108383578,0.0,-6.112637661782059e-06,0.0,0.02453514544888179,-0.0056624070171049645,0.0,-0.0028761568898342557,0.0,0.0010297594245392756,0.0,-0.02750158204376338,0.0059981159996815485,3.577098477798232e-08,0.0,-0.034995587849867844,0.016385712822707038,0.0009551133695249662,0.0,0.008211504265375548,-6.810772123369904e-05,0.002242735512829109,-0.02657862127879739,9.281250774555508e-06,0.0,0.013707865938764364,0.0,0.016374409997449275,-2.3994077340300235e-05,-7.029918839895032e-05,-2.1905899168945045e-05,0.0,-4.4096320441638914e-07,0.0,6.966517754565353e-05,0.013688737305464698,0.0,0.0,0.0,0.0,0.041440858325343034,-0.0020880794990871376,-1.7510602558787683e-07,0.0,-0.032838660717580015,0.0,-5.770346010800301e-06,0.0,-0.01637621816964255,0.0,0.022895160895707763,0.0,0.010899496218294231,0.00015654585301155127,0.0,0.01646141578285404,0.0011613777238411891,0.0,0.16497220382305272,-8.422846286262626e-05,-7.745121568588503e-07,0.0,-8.68991317427674e-06,-0.04978629501992635,0.0,0.0,0.0,0.0,0.0,0.0,0.0,0.17268384164315634,0.0,0.004054707851134613,0.0,0.0,0.0,0.0,-0.002620970906960788,-0.003076114904228969,2.5439688724170073e-07,0.0,0.0,0.0,0.0,0.0,0.0,-6.44004701744888e-06,0.0,0.0,-0.0026304779919774685,0.0,-3.3606213376293894,0.0,0.0,0.0,9.007482643808712e-07,-5.189030821223413e-05,0.0,-0.0019905534648480524,0.0,0.0,0.0027259160487023647,0.0013420859893585153,0.0,0.005224434828395354,-4.8276744717428224e-05,0.0,0.0007199692758233598,0.0008258628833358655,0.0,0.0,0.0,0.0,-0.0001534282529405545,0.000988806193930923,-0.0027758084575205907,-0.0021720713138764203,0.0,0.0,0.0,0.0615508729087536,-0.9438135761237385,-0.0634037807143909,0.053266135890449005,-0.0012473960460349718,0.010995317696006342,0.07378903984009609,0.06461110048927024,-0.0054957320661009465,2.730985574345711,-2.3698712390622352e-05,-0.04800167325872245,-0.023912319066951356,-0.012040969938570883,-0.18691297741860688,-0.007145361648538938,-0.002122831695621945,0.00182307789353762,-0.00020130630563427662,-0.016562421276060457,0.0,0.0,0.0,0.012234982447512414,0.04871116758762637,-0.014088785339931725,0.6631850746798331,-4.567538886360727,-0.838162839398192,0.008044482424232976,-0.0642368387556312,-0.02326062391118809,0.013616746137443542,-0.027625124368901403,-0.04430150183810342,-9.234578300766974e-06,0.009262644668983593,0.096407006156093,0.028879319098943836,0.001080430523199158,0.022801810721758322,1.3903281626074147,-0.07539107076687389,0.037296800292717126,8.601464632137894e-05
-0.013232798457387736,0.0,0.008292091964885026,0.0,0.011579438813245621,0.0,0.0,0.0,0.0,0.0,0.0,0.0,0.0,2.5536996132385177e-06,-3.791552803482628e-08,0.0,0.0,0.0,0.0,0.0,0.0,0.0,0.0,-0.00022470139869642733,-0.023996419046846393,0.0,0.0,0.0,0.0,-0.14007577531716464,0.0,0.0,0.0,0.0,0.0,0.0,0.0,0.0,0.0,0.0,0.0,0.0,0.0,-0.0004410501700344986,0.0,0.004951941701865344,0.0,0.0,0.0017616835321584523,0.0,0.0,0.0,0.0,0.0,0.0,0.0,0.0,-0.07784685965250074,2.3270426692902947e-09,-1.0679635387478618e-07,0.0,-5.324683786293475e-06,0.0,-0.15135574486603687,0.0,0.0,0.15891751341146135,0.0,0.0,0.0,0.0,0.0,0.0025379819528658673,0.0008934255845539225,0.0,0.0,0.0,-1.199039877912509e-06,0.0,0.0008495823601482437,0.0,0.0,0.13843126147549048,0.0,0.0,0.0,-0.00043809775380918004,0.0,-0.03449909954270505,0.0,-0.00044742067332369,0.0,-1.9983057929676249e-07,0.0,0.0,-1.274065054105984e-08,0.0,0.0,0.0,0.0,0.0,0.0,-0.004664866849457616,0.0,0.0,0.0,0.0,0.0,0.0,0.0,0.0,0.0,0.0,0.0,1.559665297910177e-07,0.0,0.0,-3.643295774195533e-06,0.0033009117011919492,1.4078670972536805e-07,-0.02599447471417117,0.0014189549048980983,0.05448990379926392,0.0,0.0,-0.016585230212860035,-1.5947418686107582e-06,-1.1521013074344789e-07,-2.3252434301786456e-07,-0.013210894732839991,-0.0032994948110957045,0.0,0.0,2.5312072368336574e-06,0.001314761108383578,0.0,5.477769321095044e-06,0.0,0.04348050323864539,-0.0034397426038818646,0.0,-0.0028780922870989866,0.0,-0.03045081721296137,0.0,-0.016622139862927706,0.009191910800744748,3.577098477798232e-08,0.0,0.0011834505508888098,-0.01983402223081101,-0.028243473125844736,0.0,-0.009907730904145689,-7.643326069931575e-07,0.002242735512829109,0.0008983098915666095,5.128756884343987e-06,0.0,0.008302610025812831,0.0,0.009910170385012533,-4.012016462759285e-07,4.04544634740792e-06,-3.604919086906504e-07,0.0,-8.123078930962098e-09,0.0,1.5702727489595264e-05,0.008284739363064966,0.0,0.0,0.0,0.0,0.042316125087494195,0.006665442254028446,1.5691923322899443e-07,0.0,0.0011105094528885743,0.0,5.171028629372305e-06,0.0,-0.009911264732504968,0.0,0.0230021775270485,0.0,0.006625564999407909,3.5934346610752956e-05,0.0,0.009962828291952532,0.0011714960391748298,0.0,0.020785490960032245,-5.6311195313727075e-05,-1.4267456604447493e-08,0.0,-6.531546862181348e-08,-0.06934956237378569,0.0,0.0,0.0,0.0,0.0,0.0,0.0,0.16510525429145842,0.0,0.004054707851134613,0.0,0.0,0.0,0.0,0.0325098173559783,-0.005449996089332115,4.6863002947877905e-09,0.0,0.0,0.0,0.0,0.0,0.0,-1.1863350437850049e-07,0.0,0.0,0.03263162020431475,0.0,-3.7367610756554916,0.0,0.0,0.0,2.017987766354595e-07,-9.558826340579573e-07,0.0,-0.001169969247932464,0.0,0.0,-0.003299574458205055,-0.0396865657862924,0.0,0.0006508051693638356,-8.893163963392611e-07,0.0,0.0019098628188288173,-0.02741041535610425,0.0,0.0,0.0,0.0,2.8263351599277684e-06,-0.02923979713407921,0.014787248258123338,-0.003848130672142014,0.0,0.0,0.0,0.04689646958894621,-0.768114633957192,-0.052587621969315865,-0.015027744558174022,-0.0004371561747050298,-0.013309239456168546,0.041653030084938675,0.05714802849615003,-0.0033253673344170705,-1.4704781183354092,2.1237326153726544e-05,-0.06455646038837591,-0.01890522567957512,-0.008142244398656354,-0.9286222397108782,-0.008143466605152895,-0.0038360057473443765,0.0017426221587349398,-3.7083071639339355e-06,-0.009942903938967688,0.0,0.0,0.0,0.004691654175077132,-0.014126757725038443,0.04156723208260921,-0.04073598765192375,0.12017449459066513,-0.46741189778584774,-0.009900163369526805,0.871575921326237,-0.005293604788539855,-0.01649232448137569,-0.002026100211823594,0.17886377409695303,-1.7011217190017968e-07,-0.0027581828622154927,0.1039535884625224,0.02893300643048205,-0.03194920249257399,-0.007623467521566488,0.5438009362781987,-0.01498092402777806,0.02762192680866927,1.9571393714504324e-05
0.002999600033445909,0.0,0.0037617564520732475,0.0,0.005253080748691151,0.0,0.0,0.0,0.0,0.0,0.0,0.0,0.0,3.344325050860103e-06,-1.2195870307955044e-08,0.0,0.0,0.0,0.0,0.0,0.0,0.0,0.0,-6.163866026847654e-05,-0.0008114901644795868,0.0,0.0,0.0,0.0,-0.14582204358063028,0.0,0.0,0.0,0.0,0.0,0.0,0.0,0.0,0.0,0.0,0.0,0.0,0.0,-0.0004410822870165251,0.0,-0.0044929551495973595,0.0,0.0,0.00067738646684897,0.0,0.0,0.0,0.0,0.0,0.0,0.0,0.0,-0.07788082448269117,1.5581089014707686e-08,-7.150721893190663e-07,0.0,-6.064097386114867e-06,0.0,-0.1546692303373268,0.0,0.0,0.16230433362376379,0.0,0.0,0.0,0.0,0.0,0.0009758816476372829,0.0008994540785849859,0.0,0.0,0.0,1.498799847389552e-07,0.0,0.0008582097805989896,0.0,0.0,0.11502672532724835,0.0,0.0,0.0,-0.00043805986916372046,0.0,-0.1419079706356351,0.0,-0.00044742067332369,0.0,1.3379978308829341e-06,0.0,0.0,8.530707786545168e-08,0.0,0.0,0.0,0.0,0.0,0.0,-0.004664866849457616,0.0,0.0,0.0,0.0,0.0,0.0,0.0,0.0,0.0,0.0,0.0,1.3111632497779958e-06,0.0,0.0,-4.771260199193177e-06,-0.0029949561443039455,-9.426600918267716e-07,-0.0008790586845554952,-0.001417011925198412,-0.007785243126563573,0.0,0.0,-0.00752398755664445,1.0677851050266236e-05,-7.714079875709157e-07,1.5569041919420191e-06,-0.005999214130786172,-0.0014968352915986451,0.0,0.0,-8.287172585984075e-07,0.0005055399370550985,0.0,7.173686783053029e-06,0.0,-0.0062115004626636305,-0.0015787418483236403,0.0,0.017274525629093984,0.0,0.0010297594245392756,0.0,0.003774925227200101,-0.13406164583397825,-1.1506058698157982e-08,0.0,-0.0011834505508888098,0.004498910613466166,0.0009551133695249662,0.0,0.0022505345044239564,-7.9950576509591e-06,0.0008623561822427143,0.0009017374707666176,-2.349467521647712e-06,0.0,0.0037652947906368457,0.0,0.004495807275755777,-2.905514636157569e-06,-3.901255687102298e-06,-2.6449871074673767e-06,0.0,5.438938338641133e-08,0.0,-5.0866904682340865e-06,0.0037584209008693697,0.0,0.0,0.0,0.0,-0.17731821785122348,-0.0020880794990871376,2.0550143013165802e-07,0.0,0.0011105094528885743,0.0,6.771979168683669e-06,0.0,-0.004496303732953537,0.0,-0.09735924778209464,0.0,-0.006006194846389777,4.6643348616139287e-05,0.0,0.004519695845977026,0.00044925453840560044,0.0,0.01990470801625378,-3.6622161162941326e-05,-9.553005378892462e-08,0.0,1.0948742008550297e-06,-0.10958583481637085,0.0,0.0,0.0,0.0,0.0,0.0,0.0,-0.0412393680972441,0.0,0.002573830033332372,0.0,0.0,0.0,0.0,-0.004644297292063704,-0.005450080402822849,3.137787845763733e-08,0.0,0.0,0.0,0.0,0.0,0.0,7.943297371561242e-07,0.0,0.0,-0.004661660029187821,0.0,-3.1763462524894988,0.0,0.0,0.0,-6.60689202089588e-08,-6.400266142694627e-06,0.0,-0.004691025658605481,0.0,0.0,0.0007484357119899028,0.0013420859893585153,0.0,0.0008507229172287664,-5.954561176061638e-06,0.0,-0.005941795436356416,-0.0009145296854993984,0.0,0.0,0.0,0.0,1.8924182308030458e-05,-0.000988806193930923,-0.00580301552446983,-0.003848199698641178,0.0,0.0,0.0,-0.012679713447842751,-0.6851514723669815,-0.011448684687745386,-0.019047059824346645,-0.00043719212220649827,0.003018907509012658,0.131389824829032,-0.0263665351269338,0.000754239650268289,-1.0987205179385933,-6.953100660413299e-06,-0.005201335141777323,-0.012818268324490102,-0.004575785293872168,-0.4443457390436182,0.03350137870097192,-0.00385021710805858,0.0006952408578333421,2.4829567922246857e-05,-0.004526540022250678,0.0,0.0,0.0,-0.001626539575152879,-0.015987079430620187,0.022257040195409177,0.0012041403688563693,-0.7447472547331484,0.19243705136318429,-0.004475568219065396,-0.06561363082486867,-0.0015444893256873465,0.0037380563765430095,-0.0037011322284255304,-0.044114535702695544,1.1390134473422426e-06,0.004661951514924076,-0.08098794017648682,0.060462541913332266,0.001080430523199158,-0.014157785209987887,0.33891529986465113,-0.009161605671336349,0.06433748414246326,-6.235863065131133e-06
-0.09814107203578346,0.0,-0.12285142612551335,0.0,-0.17155508862715207,0.0,0.0,0.0,0.0,0.0,0.0,0.0,0.0,-9.502877404041991e-07,-5.913696361824292e-08,0.0,0.0,0.0,0.0,0.0,0.0,0.0,0.0,2.8832737413486947e-05,0.0004670239487184989,0.0,0.0,0.0,0.0,-0.054406738776473666,0.0,0.0,0.0,0.0,0.0,0.0,0.0,0.0,0.0,0.0,0.0,0.0,0.0,-0.005007866811227537,0.0,-0.07336545503122556,0.0,0.0,0.002002638435560559,0.0,0.0,0.0,0.0,0.0,0.0,0.0,0.0,-0.029508633668075542,1.848836746003689e-08,-8.484976489169915e-07,0.0,-6.949556249385546e-06,0.0,-0.058036906237637756,0.0,0.0,0.14000254498046677,0.0,0.0,0.0,0.0,0.0,-0.014425576770138874,0.026792912019663093,0.0,0.0,0.0,1.773813548152075e-06,0.0,0.006652086010622229,0.0,0.0,0.11502672532724835,0.0,0.0,0.0,-0.00497341860994833,0.0,-0.03411587683681167,0.0,-0.005079843713068188,0.0,-1.5876551077188827e-06,0.0,0.0,1.0122454220163647e-07,0.0,0.0,0.0,0.0,0.0,0.0,-0.002009588833200565,0.0,0.0,0.0,0.0,0.0,0.0,0.0,0.0,0.0,0.0,0.0,1.5590573436911458e-06,0.0,0.0,-5.423001657572414e-06,-0.04890463247671519,1.1185512226459093e-06,-0.0005059105778314383,-0.011089390704440443,-0.0036517071777500353,0.0,0.0,-0.12285917672513762,1.267023336520021e-05,-9.153451547780096e-07,-1.8474072494834015e-06,-0.0978634733809029,-0.024441820276076665,0.0,0.0,-9.419178329023625e-07,0.001494588035345462,0.0,-2.038398331429686e-06,0.0,-0.003129649035799319,-0.02506461654062625,0.0,0.009940300667157408,0.0,0.0005926409631678527,0.0,-0.12313297271334896,-0.11629617468945323,-5.5792113021874666e-08,0.0,-0.009266850568297347,-0.14692540357601136,0.0005496811136280891,0.0,0.03669906581793877,1.0118218634268933e-05,0.0025494864751816402,-0.0005214247869984561,-1.3959216722161504e-06,0.0,0.06150352204189936,0.0,-0.1468240547863362,3.4473931278902227e-06,-4.886875890208623e-06,3.1382393099906297e-06,0.0,6.453790906530386e-08,0.0,-5.778660349208377e-06,-0.12274249370856082,0.0,0.0,0.0,0.0,-0.15203382329773166,-0.0011096722872259313,-5.8393094786368324e-08,0.0,-0.008695695098431653,0.0,-1.9242533798012346e-06,0.0,0.036710067020844436,0.0,-0.0907983343360801,0.0,-0.09816724995556016,5.298883536833973e-05,0.0,-0.14760420761046777,-0.006658209806877659,0.0,-0.053087122957986746,5.0241131255160084e-05,1.1335502520144758e-07,0.0,1.300857006979574e-06,0.33674637162142046,0.0,0.0,0.0,0.0,0.0,0.0,0.0,-0.4789667380284267,0.0,0.00817192376957863,0.0,0.0,0.0,0.0,-0.002001101688741,-0.002327096121209295,3.7232682933291406e-08,0.0,0.0,0.0,0.0,0.0,0.0,-9.425438780988945e-07,0.0,0.0,-0.0021311136062448074,0.0,-2.8706883884867946,0.0,0.0,0.0,-7.509375905899018e-08,7.594493053479211e-06,0.0,-0.002378439395611422,0.0,0.0,-0.02444241028165137,0.000772389273099753,0.0,0.0008727898197403882,-7.065623909989537e-06,0.0,0.0007199692758233598,-0.0005187014214441178,0.0,0.0,0.0,0.0,-2.2455249184466248e-05,0.0005690718056984485,-0.002767516044876715,-0.0018022092218131017,0.0,0.0,0.0,0.00884197422605465,0.24934153886685817,0.029028999623582352,0.05594600677419205,0.04466846024884726,-0.09859146851966495,-0.2208435852769758,-0.21368588774859648,-0.024637082699887552,2.246955676063042,-7.902875725173482e-06,-0.1045459127392497,-0.08278726740709033,-0.049653487999236245,-0.5010043172089228,-0.013238011801025303,-0.002051605351683946,-0.010686919232623935,-2.9462521854911562e-05,-0.07361544369864402,0.0,0.0,0.0,0.06746530361029746,0.03306544632454427,-0.1494251898921906,0.268519927388404,-0.8669748386693674,-0.23500320307611078,-0.0733365466962503,-0.12326152054555821,0.0009297064081160201,-0.12239248607245844,0.008109085564643303,-0.12363976637928954,-1.3515421891532962e-06,0.030100475997621032,-0.37710113310946203,-0.020166391670771482,0.0006218028897294879,0.042552723410836504,1.9914130124080454,-0.13576803976703355,-0.13284399855512016,-7.078634455298183e-06
0.0019414570811564038,0.0,0.0024336677642167663,0.0,0.0033984797909687742,0.0,0.0,0.0,0.0,0.0,0.0,0.0,0.0,-4.2787791176889054e-07,-1.2195870307955044e-08,0.0,0.0,0.0,0.0,0.0,0.0,0.0,0.0,2.7385776667134356e-05,0.000811490164479587,0.0,0.0,0.0,0.0,-0.14089088163722138,0.0,0.0,0.0,0.0,0.0,0.0,0.0,0.0,0.0,0.0,0.0,0.0,0.0,-0.0004410501700344986,0.0,0.0014533583251542608,0.0,0.0,-0.008808417660792262,0.0,0.0,0.0,0.0,0.0,0.0,0.0,0.0,-0.07784685965250074,5.189727443090635e-09,-2.3817524956768572e-07,0.0,-5.484386566749684e-06,0.0,-0.150985467119986,0.0,0.0,0.10497943076139585,0.0,0.0,0.0,0.0,0.0,-0.012689909764329335,0.000894727653191772,0.0,0.0,0.0,1.498799847389552e-07,0.0,-0.025085158448913018,0.0,0.0,-1.8074302618997284,0.0,0.0,0.0,-0.00043805986916372046,0.0,-0.058526920277708304,0.0,0.004026429198127126,0.0,4.4565845526103225e-07,0.0,0.0,2.8413962763597714e-08,0.0,0.0,0.0,0.0,0.0,0.0,-0.004664866849457616,0.0,0.0,0.0,0.0,0.0,0.0,0.0,0.0,0.0,0.0,0.0,-3.255050595423869e-07,0.0,0.0,9.767073807662283e-06,0.0009687932108973132,3.139799113742068e-07,0.0008790586845554952,-0.041874702718175755,-0.0077844019286944476,0.0,0.0,-0.004867642604794856,-3.5565637661948515e-06,-2.5693949884034303e-07,-5.185714813243643e-07,-0.0038791659340719773,-0.0009683773641161543,0.0,0.0,-4.2410926529340876e-07,0.001314761108383578,0.0,-9.178121366001219e-07,0.0,-0.0062115004626636305,0.0005402903006637383,0.0,-0.0028780922870989866,0.0,0.0010297594245392756,0.0,-0.004879840315317775,-0.08108994898421995,-1.1506058698157982e-08,0.0,-0.034995587849867844,-0.005821139073504324,0.0009551133695249662,0.0,0.0014549484787246647,-2.537970249098776e-06,0.002242735512829109,0.00089905019973596,-1.2737926504124693e-06,0.0,0.0024363721030624653,0.0,0.0029085618328926815,-9.283531216999871e-07,2.3290721683588787e-06,-8.394102629676785e-07,0.0,1.8115940118303923e-08,0.0,-2.613411982769836e-06,0.002431509829873011,0.0,0.0,0.0,0.0,0.0253895626155208,-0.0015444317430524657,-2.6292158044992483e-08,0.0,-0.032838660717580015,0.0,-8.664170680696705e-07,0.0,0.001454441507900612,0.0,-0.06481586676582524,0.0,-0.003887616035325443,-5.861463425348406e-06,0.0,0.0029240165397620326,0.0011712624404056197,0.0,0.018363665917496955,-0.00010152746247831966,-3.181901735545495e-08,0.0,3.586386264901767e-07,-0.14812446635965976,0.0,0.0,0.0,0.0,0.0,0.0,0.0,-0.03751739341662183,0.0,0.004054707851134613,0.0,0.0,0.0,0.0,-0.004644271621581135,-0.005450014299842314,1.0451300084428957e-08,0.0,0.0,0.0,0.0,0.0,0.0,2.645742432895123e-07,0.0,0.0,-0.004661660029187821,0.0,-1.4938269002473168,0.0,0.0,0.0,-3.381182293207114e-08,2.131791738801741e-06,0.0,0.0418773035646318,0.0,0.0,0.00048420036997732363,0.0013420859893585153,0.0,0.0006529856995563087,-1.983336948855588e-06,0.0,0.0019098628188288173,-0.0009228495717490412,0.0,0.0,0.0,0.0,6.3032403041369785e-06,0.000988806193930923,-0.00580301552446983,-0.003848145580880295,0.0,0.0,0.0,0.05096740871996924,-0.6826769966983484,-0.049883580018810124,-0.018041806642301716,-0.0004371561747050298,0.0019530817535480857,0.10434597832829826,0.060062182639356726,-0.0009761844154527005,-0.4803454576214448,-3.558360082408222e-06,-0.029935480193950283,-0.012487277189191327,-0.003495864499221736,-0.3381502484072523,-0.010444580510207257,-0.0038485057511073962,0.002060916328438992,8.270197925297354e-06,-0.0029230968543926443,0.0,0.0,0.0,0.03444885865003608,-0.015054887021513794,0.009775241064810224,0.7233073597444973,-0.30358851940919973,-0.338995613092442,-0.0029007538667509946,-0.0682799359784906,0.0003871646940210325,0.002419595283231942,-0.003701077294190042,-0.03206344188215457,-3.793810137408529e-07,0.004794130331520177,0.09886645432633494,-0.013388571191733189,0.001080430523199158,-0.01043112084973147,-0.1709460142662479,-0.05280149768176926,0.06130501446844376,-3.2235811656219806e-06
0.006621292537558917,0.0,0.008292091964885026,0.0,0.011579438813245621,0.0,0.0,0.0,0.0,0.0,0.0,0.0,0.0,2.5536996132385177e-06,-1.2195870307955044e-08,0.0,0.0,0.0,0.0,0.0,0.0,0.0,0.0,8.657942673922451e-05,-0.0008114901644795868,0.0,0.0,0.0,0.0,-0.14579794677459587,0.0,0.0,0.0,0.0,0.0,0.0,0.0,0.0,0.0,0.0,0.0,0.0,0.0,-0.0004410501700344986,0.0,0.004951941701865344,0.0,0.0,0.0017616835321584523,0.0,0.0,0.0,0.0,0.0,0.0,0.0,0.0,-0.07784685965250074,2.3270426692902947e-09,-1.0679635387478618e-07,0.0,-5.324683786293475e-06,0.0,-0.15455093883046572,0.0,0.0,0.08210329578117194,0.0,0.0,0.0,0.0,0.0,-0.012689909764329335,0.0008934255845539225,0.0,0.0,0.0,1.0778593422845501e-07,0.0,0.0008495823601482437,0.0,0.0,-1.9380376606568677,0.0,0.0,0.0,0.003942538822473486,0.0,-0.0745326267206562,0.0,-0.00044742067332369,0.0,1.9983057929676249e-07,0.0,0.0,1.274065054105984e-08,0.0,0.0,0.0,0.0,0.0,0.0,-0.004664866849457616,0.0,0.0,0.0,0.0,0.0,0.0,0.0,0.0,0.0,0.0,0.0,1.559665297910177e-07,0.0,0.0,-3.643295774195533e-06,0.0033009117011919492,1.4078670972536805e-07,0.0008790586845554952,0.0014189549048980983,-0.007784835809700627,0.0,0.0,-0.016585230212860035,1.5947418686107582e-06,-1.1521013074344789e-07,2.3252434301786456e-07,0.006605929084767921,-0.0032994948110957045,0.0,0.0,2.5312072368336574e-06,0.001314761108383578,0.0,5.477769321095044e-06,0.0,0.04348050323864539,-0.0034397426038818646,0.0,-0.0028780922870989866,0.0,-0.0010297594245392756,0.0,-0.016622139862927706,-0.007621277988992651,1.1506058698157982e-08,0.0,0.0011834505508888098,-0.01983402223081101,-0.0009551133695249662,0.0,-0.009907730904145689,-7.643326069931575e-07,0.002242735512829109,0.0008983098915666095,5.128756884343987e-06,0.0,0.008302610025812831,0.0,0.009910170385012533,-3.836708754439695e-07,4.04544634740792e-06,-3.4199735852934415e-07,0.0,-8.123078930962098e-09,0.0,1.5702727489595264e-05,0.008284739363064966,0.0,0.0,0.0,0.0,0.019577705440933058,0.006665442254028446,1.5691923322899443e-07,0.0,0.0011105094528885743,0.0,5.171028629372305e-06,0.0,-0.009911264732504968,0.0,0.010355050807656665,0.0,0.006625564999407909,3.5934346610752956e-05,0.0,0.009962828291952532,0.0011714960391748298,0.0,0.018447422153708377,-5.6311195313727075e-05,-1.4267456604447493e-08,0.0,-6.531546862181348e-08,-0.1615119046146109,0.0,0.0,0.0,0.0,0.0,0.0,0.0,-0.05393540458445656,0.0,0.004054707851134613,0.0,0.0,0.0,0.0,0.0325098173559783,-0.005449996089332115,-4.6863002947877905e-09,0.0,0.0,0.0,0.0,0.0,0.0,1.1863350437850049e-07,0.0,0.0,0.03263162020431475,0.0,-1.6340537505130628,0.0,0.0,0.0,2.017987766354595e-07,-9.558826340579573e-07,0.0,0.0418773035646318,0.0,0.0,-0.003299574458205055,-0.0013420859893585155,0.0,0.0006508051693638356,-8.893163963392611e-07,0.0,0.0019098628188288173,-0.0009251415920508301,0.0,0.0,0.0,0.0,2.8263351599277684e-06,-0.000988806193930923,0.047488526499508216,-0.003848130672142014,0.0,0.0,0.0,0.04689646958894621,-0.774904419136599,-0.0174955590140961,-0.015027727938007851,-0.0004371561747050298,-0.013309239456168546,0.1052775390340873,0.05714805577028889,-0.0033253673344170705,-1.485964240101067,2.1237326153726544e-05,-0.010480225466014001,-0.019540264628429546,-0.008142244398656354,-0.6459988439378762,-0.008143466605152895,-0.0038360057473443765,0.0018187787850634653,3.7083071639339355e-06,-0.009942903938967688,0.0,0.0,0.0,0.018108056046705227,-0.014126757725038443,0.022782844120817925,-0.04073598765192375,0.12015641881804512,-0.449574887787707,-0.009900163369526805,-0.04270297843803953,-0.005293604788539855,-0.01649232448137569,-0.002026100211823594,-0.021425672789732713,-1.7011217190017968e-07,-0.0027571303433331297,0.09770518724160804,0.02893300643048205,-0.001080430523199158,-0.007623467521566488,0.5582339108067569,-0.01498092402777806,0.062271548140011415,1.9571393714504324e-05
0.006621292537558917,0.0,0.008292091964885026,0.0,0.011579438813245621,0.0,0.0,0.0,0.0,0.0,0.0,0.0,0.0,-6.384249033097649e-07,-3.791552803482628e-08,0.0,0.0,0.0,0.0,0.0,0.0,0.0,0.0,8.657942673922451e-05,0.000811490164479587,0.0,0.0,0.0,0.0,-0.14572003986249166,0.0,0.0,0.0,0.0,0.0,0.0,0.0,0.0,0.0,0.0,0.0,0.0,0.0,-0.0004410501700344986,0.0,0.004951941701865344,0.0,0.0,0.0017616835321584523,0.0,0.0,0.0,0.0,0.0,0.0,0.0,0.0,-0.07784685965250074,2.3270426692902947e-09,-1.0679635387478618e-07,0.0,-5.324683786293475e-06,0.0,-0.1545998166825257,0.0,0.0,-0.3635035362313568,0.0,0.0,0.0,0.0,0.0,-0.012689909764329335,0.0008934255845539225,0.0,0.0,0.0,1.498799847389552e-07,0.0,0.0008495823601482437,0.0,0.0,-1.5974946291625833,0.0,0.0,0.0,-0.00043805986916372046,0.0,-0.07724549288345378,0.0,-0.00044742067332369,0.0,-1.9983057929676249e-07,0.0,0.0,1.274065054105984e-08,0.0,0.0,0.0,0.0,0.0,0.0,-0.004664866849457616,0.0,0.0,0.0,0.0,0.0,0.0,0.0,0.0,0.0,0.0,0.0,1.559665297910177e-07,0.0,0.0,-3.643295774195533e-06,0.0033009117011919492,1.4078670972536805e-07,-0.0008790586845554952,-0.001416788335194426,-0.007784835809700627,0.0,0.0,-0.016585230212860035,1.5947418686107582e-06,-1.1521013074344789e-07,2.3252434301786456e-07,0.006605929084767921,-0.0032994948110957045,0.0,0.0,-6.328018092084957e-07,0.001314761108383578,0.0,5.477769321095044e-06,0.0,0.04348050323864539,-0.0034397426038818646,0.0,-0.0028780922870989866,0.0,0.0010297594245392756,0.0,-0.016622139862927706,-0.003992824060676684,3.577098477798232e-08,0.0,0.0011834505508888098,-0.01983402223081101,0.0009551133695249662,0.0,-0.009907730904145689,-7.643326069931575e-07,0.002242735512829109,0.0008983098915666095,5.128756884343987e-06,0.0,0.008302610025812831,0.0,0.009910170385012533,-4.012016462759285e-07,4.04544634740792e-06,-3.604919086906504e-07,0.0,-8.123078930962098e-09,0.0,1.5702727489595264e-05,0.008284739363064966,0.0,0.0,0.0,0.0,0.02299417713516243,0.006665442254028446,1.5691923322899443e-07,0.0,0.0011105094528885743,0.0,5.171028629372305e-06,0.0,0.004955632366252483,0.0,0.015710209542445387,0.0,0.006625564999407909,-8.925621440272085e-06,0.0,0.009962828291952532,0.0011714960391748298,0.0,0.016929977921971172,-5.6311195313727075e-05,-1.4267456604447493e-08,0.0,-6.531546862181348e-08,-0.1645355473946763,0.0,0.0,0.0,0.0,0.0,0.0,0.0,0.16510525429145842,0.0,0.004054707851134613,0.0,0.0,0.0,0.0,-0.004644264549697525,-0.005449996089332115,4.6863002947877905e-09,0.0,0.0,0.0,0.0,0.0,0.0,-1.1863350437850049e-07,0.0,0.0,-0.004661660029187821,0.0,-1.4152433096762167,0.0,0.0,0.0,-5.044969415894619e-08,9.558826340579573e-07,0.0,-0.004691025658605481,0.0,0.0,0.001649787229102527,0.0013420859893585153,0.0,-0.005194033664087214,-8.893163963392611e-07,0.0,0.0019098628188288173,-0.0009251415920508301,0.0,0.0,0.0,0.0,2.8263351599277684e-06,-0.000988806193930923,0.047488526499508216,0.026936841990169637,0.0,0.0,0.0,-0.012053454969045072,-0.8954524559116849,-0.02445302129147399,-0.02071770403997143,-0.0004371561747050298,-0.013309239456168546,0.03689510107847407,0.061711872381339725,-0.0033259466078051805,-1.5971679809740638,-5.3093315384317445e-06,-0.012436151928600783,-0.019593077761536556,-0.008155550016821835,-0.4771772014984786,-0.015898643975952732,-0.0038360057473443765,0.0018191287479777355,3.7083071639339355e-06,-0.009942903938967688,0.0,0.0,0.0,0.018108056046705227,-0.01978463144720885,0.028054956373812955,-0.05076270491998801,0.12261970950313862,-0.4379815754450867,-0.009900163369526805,-0.059924959860839136,-0.005293604788539855,-0.01649232448137569,-0.0088273484395096,-0.02884614233899417,-1.7011217190017968e-07,-0.0027581829098669752,0.0816284376563341,0.057562152479190554,0.001080430523199158,-0.017399319050686035,0.5718308642542146,-0.018237919818851263,0.022013954271404082,-4.8726139438825524e-06
0.0027530366046866935,0.0,0.0034725175363876258,0.0,0.004849174913978472,0.0,0.0,0.0,0.0,0.0,0.0,0.0,0.0,-2.8496710098131154e-06,-2.791343891878767e-08,0.0,0.0,0.0,0.0,0.0,0.0,0.0,0.0,3.679984626362223e-05,0.0004670239487184989,0.0,0.0,0.0,0.0,-0.056156936899958466,0.0,0.0,0.0,0.0,0.0,0.0,0.0,0.0,0.0,0.0,0.0,0.0,0.0,-0.0012586126204722722,0.0,0.002073747429685558,0.0,0.0,0.002002638435560559,0.0,0.0,0.0,0.0,0.0,0.0,0.0,0.0,-0.029508633668075542,1.2632404547407994e-07,5.797464585141285e-06,0.0,0.00014975050049218647,0.0,-0.05935503561512989,0.0,0.0,0.16783398543858594,0.0,0.0,0.0,0.0,0.0,-0.014425576770138874,0.007438145026661534,0.0,0.0,0.0,4.352501945585575e-07,0.0,0.0005699372907925979,0.0,0.0,0.12190166200952186,0.0,0.0,0.0,-0.001249974305540017,0.0,0.08470475529678581,0.0,-0.0012767003946299463,0.0,1.0847848868138568e-05,0.0,0.0,6.916291392326107e-07,0.0,0.0,0.0,0.0,0.0,0.0,-0.002632287534091459,0.0,0.0,0.0,0.0,0.0,0.0,0.0,0.0,0.0,0.0,0.0,1.0935201145402312e-05,0.0,0.0,-1.6262201386680296e-05,0.001382337993475822,7.642638854964134e-06,-0.0005059105778314383,-0.000818189452539191,-0.004397951287565281,0.0,0.0,0.0034727366147814355,8.657092840976335e-05,-6.254208393837585e-06,1.2622637336576203e-05,0.0028182922618389863,-0.0013817446358855804,0.0,0.0,-2.8245717880205894e-06,0.001494588035345462,0.0,-6.112637661782059e-06,0.0,0.02453514544888179,-0.0016734014454585092,0.0,0.009941435443915838,0.0,0.0005926409631678527,0.0,0.003518578307532466,-0.14050353575406907,-2.6334624635810343e-08,0.0,-0.0006810923577165277,0.004152992411640975,0.0005496811136280891,0.0,0.0021011712612230035,6.98961305332401e-05,0.0025494864751816402,0.000549311767121129,6.508972889441265e-05,0.0,0.003466279761041485,0.0,0.004150127687473433,-2.3855382054039156e-05,1.9694081477360237e-05,-2.1759578909928343e-05,0.0,-4.4096320441638914e-07,0.0,-1.706861270856473e-05,-0.006938876906930887,0.0,0.0,0.0,0.0,-0.19448715740179046,-0.0016533200432606028,-1.7510602558787683e-07,0.0,-0.0006391137348039763,0.0,-5.770346010800301e-06,0.0,0.0020752929862061,0.0,-0.10634159716078438,0.0,0.0027256829417888033,-3.5989808390986255e-05,0.0,0.004172179481647082,0.0013216354912845701,0.0,0.15796191597013456,4.9421913814729846e-05,7.745121568588503e-07,0.0,9.035573951465467e-06,-0.053113403517098465,0.0,0.0,0.0,0.0,0.0,0.0,0.0,-0.10048655702129293,0.0,0.00817192376957863,0.0,0.0,0.0,0.0,-0.002620970906960788,-0.003076114904228969,2.5439688724170073e-07,0.0,0.0,0.0,0.0,0.0,0.0,6.44004701744888e-06,0.0,0.0,-0.0026304779919774685,0.0,-2.641556113981752,0.0,0.0,0.0,-2.2518706609651884e-07,5.189030821223413e-05,0.0,-0.002630121144344227,0.0,0.0,0.0006908889950361651,0.000772389273099753,0.0,0.005224434828395354,-4.8276744717428224e-05,0.0,0.0007199692758233598,-0.0004323623436883802,0.0,0.0,0.0,0.0,0.0001534282529405545,-0.0005690718056984485,-0.003261662247433546,-0.0021720713138764203,0.0,0.0,0.0,0.009463159532004349,1.7833763411768115,-0.012071628606583364,0.004718985895462282,-0.0012473960460349718,0.0027867857473869804,0.7838275422808615,-0.26845588488915095,0.0006958696012967418,2.120796382141399,-2.3698712390622352e-05,-0.0051343133468365245,-0.01148008465240895,-0.003421870865716677,-0.14151292199949062,-0.012299753537581263,-0.002182566681627251,0.002098122662450943,0.00020130630563427662,-0.004024639626144952,0.0,0.0,0.0,0.0008875006822440502,0.0190653219553111,0.020489171010654506,-0.018017821633013714,-4.561125211773346,1.2806650457684412,0.0019369619363304846,-0.024435797421821736,0.0007846988331834167,-0.006950266438760185,0.008109074910093543,-0.021107305308871983,9.234578300766974e-06,0.007024380573401792,-0.4365911112929812,-0.016267363416502287,0.0006218028897294879,0.03680471535063005,-0.33833864537575487,-0.007902112591325876,0.42216458358915393,-2.0405227931220155e-05
-0.0024483276203922876,0.0,0.0015635406928625204,0.0,0.002183396404874805,0.0,0.0,0.0,0.0,0.0,0.0,0.0,0.0,6.5904757946644126e-06,-1.2195870307955044e-08,0.0,0.0,0.0,0.0,0.0,0.0,0.0,0.0,-6.043810350302723e-05,0.000811490164479587,0.0,0.0,0.0,0.0,-0.14599002002479997,0.0,0.0,0.0,0.0,0.0,0.0,0.0,0.0,0.0,0.0,0.0,0.0,0.0,-0.0004410501700344986,0.0,0.0009337284719389511,0.0,0.0,0.0017616835321584523,0.0,0.0,0.0,0.0,0.0,0.0,0.0,0.0,-0.07784685965250074,-4.5470839222811615e-09,-2.0868202808572295e-07,0.0,-5.448534922157641e-06,0.0,-0.15471823244981225,0.0,0.0,0.1574782399611761,0.0,0.0,0.0,0.0,0.0,0.0025379819528658673,0.0010822927078359534,0.0,0.0,0.0,1.498799847389552e-07,0.0,-0.0008499293605078475,0.0,0.0,0.13843126147549048,0.0,0.0,0.0,-0.00043805986916372046,0.0,-0.0775135610357264,0.0,-0.00044738102201412507,0.0,-3.9047260555426146e-07,0.0,0.0,-2.4895464101250958e-08,0.0,0.0,0.0,0.0,0.0,0.0,-0.004664866849457616,0.0,0.0,0.0,0.0,0.0,0.0,0.0,0.0,0.0,0.0,0.0,2.7370835000361474e-07,0.0,0.0,-9.402457708089572e-06,-0.0012448269484264516,-2.7509980488152905e-07,0.0008790586845554952,-0.0014179299412692427,-0.0077869154885629385,0.0,0.0,-0.003127278670824431,3.1161547687780906e-06,-2.2512270192069162e-07,-4.543568176229129e-07,-0.0024927214612119578,-0.0006221463081793497,0.0,0.0,6.532428457580244e-06,0.001314761108383578,0.0,-3.5341966154012845e-06,0.0,0.04348050323864539,-0.0007213866757632924,0.0,-0.0028780922870989866,0.0,0.0010297594245392756,0.0,-0.0031354825993193,0.009279511225919393,1.1506058698157982e-08,0.0,-0.0011834505508888098,-0.0037398645591894208,0.0009551133695249662,0.0,-0.0018690514486274,-1.1587035560573986e-06,0.002242735512829109,0.0008988840081061057,9.503150999503219e-06,0.0,0.00156517515343225,0.0,0.0018686424048099633,8.586063106073632e-07,2.7143806575330703e-06,-7.277461415631484e-07,0.0,-1.587264474961188e-08,0.0,-1.0120050434250002e-05,0.0015621543005995353,0.0,0.0,0.0,0.0,0.042570645028483435,-0.0020880794990871376,4.0497026469006256e-07,0.0,0.0011105094528885743,0.0,-3.3362908893769814e-06,0.0,0.0009344243764196812,0.0,0.024224289770720223,0.0,0.001247699770831494,9.278622202658741e-05,0.0,0.0018785714770694502,0.0011713148809456464,0.0,0.026397221804942122,-5.3206415815185756e-05,-2.787887106440361e-08,0.0,-6.291487554327055e-08,-0.10712637521106935,0.0,0.0,0.0,0.0,0.0,0.0,0.0,-0.03507933204090428,0.0,0.004054707851134613,0.0,0.0,0.0,0.0,-0.004644270034015426,-0.005450010211768596,9.157116458169152e-09,0.0,0.0,0.0,0.0,0.0,0.0,-2.3181203659487217e-07,0.0,0.0,-0.004661660029187821,0.0,-3.824903735610148,0.0,0.0,0.0,-1.301983547636991e-07,-1.8678121438591767e-06,0.0,-0.004691025658605481,0.0,0.0,0.00031108066314149585,0.0013420859893585153,0.0,0.0008423182261258692,-1.7377404982907513e-06,0.0,0.0019098628188288173,-0.0009233641069188306,0.0,0.0,0.0,0.0,5.522710577885912e-06,0.000988806193930923,-0.00580301552446983,-0.003848142234020681,0.0,0.0,0.0,0.04689507529389286,-0.9536061505988709,-0.0065868311743210225,-0.015024723932640165,-0.0004371561747050298,0.001254782120657504,0.13741358382179664,0.05474554423698241,-0.0006274111547219654,-2.388568368160709,-1.3702089630467313e-05,0.0003680766262068056,-0.004881394554886427,-0.002754844261167996,-0.4107814104756315,-0.0081430298342049,-0.003853619409036213,0.0018647494876528428,-7.2460999992761984e-06,-0.001879306848472477,0.0,0.0,0.0,-0.004692262418908044,0.033902257285475024,0.06072264962549049,-0.029254768757429484,0.29663235503918517,0.8276193881209948,0.0009287003062736178,-0.07388372789440066,-0.0052936142542070845,0.0015391931339947087,-0.002025721608052967,-0.03030034064045783,-3.3240229414409263e-07,-0.005693830495463863,0.108057551962558,0.028973115421020896,0.001080430523199158,-0.007578527758201991,-0.1339964091207244,-0.0014795247610714995,0.07201548074223485,5.0525902211228085e-05
-0.011991276845855377,0.0,0.007521246675323415,0.0,-0.021005993673260493,0.0,0.0,0.0,0.0,0.0,0.0,0.0,0.0,-9.502877404041991e-07,-5.913696361824292e-08,0.0,0.0,0.0,0.0,0.0,0.0,0.0,0.0,2.8832737413486947e-05,0.0004670239487184989,0.0,0.0,0.0,0.0,-0.054406738776473666,0.0,0.0,0.0,0.0,0.0,0.0,0.0,0.0,0.0,0.0,0.0,0.0,0.0,-0.005007866811227537,0.0,-0.008983203567754089,0.0,0.0,0.002002638435560559,0.0,0.0,0.0,0.0,0.0,0.0,0.0,0.0,-0.029508633668075542,1.848836746003689e-08,-8.484976489169915e-07,0.0,-6.949556249385546e-06,0.0,-0.058036906237637756,0.0,0.0,0.14000254498046677,0.0,0.0,0.0,0.0,0.0,-0.014425576770138874,-0.0027141677654515233,0.0,0.0,0.0,1.773813548152075e-06,0.0,0.006652086010622229,0.0,0.0,0.11502672532724835,0.0,0.0,0.0,-0.00497341860994833,0.0,-0.03378887170221403,0.0,-0.005079843713068188,0.0,-1.5876551077188827e-06,0.0,0.0,1.0122454220163647e-07,0.0,0.0,0.0,0.0,0.0,0.0,-0.002009588833200565,0.0,0.0,0.0,0.0,0.0,0.0,0.0,0.0,0.0,0.0,0.0,1.5590573436911458e-06,0.0,0.0,-5.423001657572414e-06,-0.005988108010201099,1.1185512226459093e-06,-0.0005059105778314383,-0.011089390704440443,-0.0036517071777500353,0.0,0.0,0.0075217211848467806,1.267023336520021e-05,-9.153451547780096e-07,-1.8474072494834015e-06,0.0059986126581415165,-0.0029927688312299736,0.0,0.0,-9.419178329023625e-07,0.001494588035345462,0.0,-2.038398331429686e-06,0.0,-0.003129649035799319,-0.004042180764232892,0.0,0.009940300667157408,0.0,0.0005926409631678527,0.0,0.007543740508281357,-0.11629617468945323,-5.5792113021874666e-08,0.0,-0.009266850568297347,-0.017990221815375913,0.0005496811136280891,0.0,0.004497034297798802,1.0118218634268933e-05,0.0025494864751816402,-0.0005214247869984561,-1.3959216722161504e-06,0.0,-0.015060362626782548,0.0,-0.017977812203677737,3.4473931278902227e-06,1.7877971019290059e-06,3.1382393099906297e-06,0.0,6.453790906530386e-08,0.0,-5.778660349208377e-06,-0.015029155164763625,0.0,0.0,0.0,0.0,-0.15203382329773166,-0.0011096722872259313,-5.8393094786368324e-08,0.0,-0.008695695098431653,0.0,-1.9242533798012346e-06,0.0,0.004494949358574606,0.0,-0.0907983343360801,0.0,-0.012013715413044008,-1.2786674894344928e-05,0.0,-0.01807333770174967,-0.006658209806877659,0.0,-0.12285755809691194,0.00016887328898678236,1.1335502520144758e-07,0.0,1.300857006979574e-06,0.3341173098060369,0.0,0.0,0.0,0.0,0.0,0.0,0.0,-0.3279108249995151,0.0,0.00817192376957863,0.0,0.0,0.0,0.0,-0.002001101688741,-0.002327096121209295,3.7232682933291406e-08,0.0,0.0,0.0,0.0,0.0,0.0,-9.425438780988945e-07,0.0,0.0,-0.0021311136062448074,0.0,-3.223844889326369,0.0,0.0,0.0,-7.509375905899018e-08,7.594493053479211e-06,0.0,-0.002378439395611422,0.0,0.0,-0.0029928410742247375,0.000772389273099753,0.0,0.0008727898197403882,-7.065623909989537e-06,0.0,0.0007199692758233598,-0.0005187014214441178,0.0,0.0,0.0,0.0,-2.2455249184466248e-05,0.0005690718056984485,-0.002767516044876715,-0.0018022092218131017,0.0,0.0,0.0,0.00884197422605465,0.24134075317578413,-0.029978118009196506,0.056821764491028465,-0.004963162249871917,-0.012071992620764284,-0.22081676203260772,-0.18502524921670252,-0.003016828992927846,0.83206418578147,-7.902875725173482e-06,-0.018397032389853497,-0.017289342640389106,-0.006660658960476237,-0.5093657176589591,-0.013238011801025303,-0.002051605351683946,-0.010686919232623935,-2.9462521854911562e-05,-0.008996072393192101,0.0,0.0,0.0,-0.007712100287362734,0.03398159823848001,0.018691078057509802,0.268519927388404,-0.8668711677190111,-0.8266756978363416,-0.008962128108039834,-0.03652957098728594,0.0009297064081160201,-0.014995597336585155,0.008109085564643303,-0.01922085434988442,-1.3515421891532962e-06,0.008648990166878603,-0.3799256277356404,-0.020166391670771482,0.0006218028897294879,0.0425181532155477,-0.7771209128876913,-0.027764188802279887,-0.13284399855512016,-7.078634455298183e-06
-0.09811103632705127,0.0,-0.12285142612551335,0.0,0.08577754431357604,0.0,0.0,0.0,0.0,0.0,0.0,0.0,0.0,-1.9299696372564613e-06,-5.913696361824292e-08,0.0,0.0,0.0,0.0,0.0,0.0,0.0,0.0,-7.029720676124114e-05,0.0004670239487184989,0.0,0.0,0.0,0.0,-0.0555175670890846,0.0,0.0,0.0,0.0,0.0,0.0,0.0,0.0,0.0,0.0,0.0,0.0,0.0,-0.0012586126204722722,0.0,0.03668272751561277,0.0,0.0,0.002002638435560559,0.0,0.0,0.0,0.0,0.0,0.0,0.0,0.0,-0.029508633668075542,5.168203497270523e-09,-2.3718743832201608e-07,0.0,-6.206454095584622e-06,0.0,-0.058969578529868304,0.0,0.0,0.13834423078291802,0.0,0.0,0.0,0.0,0.0,-0.014425576770138874,0.009119640945894115,0.0,0.0,0.0,4.352501945585575e-07,0.0,0.0004910736470753333,0.0,0.0,0.11595327248828799,0.0,0.0,0.0,-0.001249974305540017,0.0,-0.02990606079035752,0.0,-0.0012767003946299463,0.0,-4.438101253661326e-07,0.0,0.0,2.8296118310705987e-08,0.0,0.0,0.0,0.0,0.0,0.0,-0.002009588833200565,0.0,0.0,0.0,0.0,0.0,0.0,0.0,0.0,0.0,0.0,0.0,3.066499672939012e-07,0.0,0.0,-1.1013746781006538e-05,0.024452316238357592,3.1267770685047e-07,0.0005059105778314383,-0.0008171490810875779,-0.0036537260399718712,0.0,0.0,-0.12285917672513762,3.5418132256116058e-06,-2.55873864493791e-07,5.16420750961246e-07,-0.09785795859815918,0.01222091013803833,0.0,0.0,-1.9129709255417526e-06,0.001494588035345462,0.0,-4.1398480912952255e-06,0.0,0.021907543250595234,0.012468451868419833,0.0,0.009941435443915838,0.0,0.0005926409631678527,0.0,0.061565251829189566,-0.1119065975664452,5.579211302219993e-08,0.0,-0.0006810923577165277,-0.14692540357601136,0.0005496811136280891,0.0,0.03669624820819344,2.480259018244153e-06,0.0025494864751816402,-0.0005179801093695023,-1.4201934830907923e-06,0.0,0.06150465295530436,0.0,-0.1468240547863362,9.129691862855283e-07,-6.1985469400029016e-06,8.23761130213979e-07,0.0,-1.8040805823576252e-08,0.0,-1.1854892820493805e-05,0.06137124685428041,0.0,0.0,0.0,0.0,-0.14298270009155728,-0.0011096722872259313,-1.1859239593570593e-07,0.0,-0.0006391137348039763,0.0,-3.908027473683651e-06,0.0,0.036710067020844436,0.0,-0.07528505650790578,0.0,-0.0981724500373765,-2.704430030302875e-05,0.0,-0.14760420761046777,-0.006659296749434508,0.0,0.18155718729453427,4.982096964305867e-05,3.168705073341733e-08,0.0,-6.224324146787523e-08,0.36388456519939877,0.0,0.0,0.0,0.0,0.0,0.0,0.0,-0.47897535703152394,0.0,0.06654748348742215,0.0,0.0,0.0,0.0,-0.0020010687830400034,-0.00232701138712194,1.0407954221288828e-08,0.0,0.0,0.0,0.0,0.0,0.0,-2.6347694450051633e-07,0.0,0.0,-0.0021311136062448074,0.0,-2.4868155044856715,0.0,0.0,0.0,-1.5251030689885075e-07,-2.1229503169614803e-06,0.0,-0.002378439395611422,0.0,0.0,0.012221205140825683,0.000772389273099753,0.0,0.003296191409602137,-1.9751112304160255e-06,0.0,0.0007199692758233598,-0.0005293662653369079,0.0,0.0,0.0,0.0,-6.277098160195529e-06,0.0005690718056984485,-0.002767516044876715,-0.0018021398509762503,0.0,0.0,0.0,-0.02233383639860653,1.0058845515772303,-0.05071035201539996,0.07165755473634272,-0.0012473960460349718,0.049295734259832476,-0.21516363108538072,0.6258923484694212,0.012318104895086508,4.0514955478014425,-1.605020200524639e-05,-0.09773216170276541,-0.08280790661648504,-0.049614386129260016,-0.3078107756532223,-0.012308108343602296,-0.0020557125826026466,-0.0105448248217834,-8.23589799476014e-06,-0.07363000878270434,0.0,0.0,0.0,0.06746530361029746,0.06325904447450036,0.015555661176482355,-0.09756445678166302,0.3611607602783259,-1.6373430264274382,-0.07335094335813733,0.024476866865928204,0.0008756026107815252,0.061169424882384506,-0.0023810569956904688,0.023259237395817263,-3.7780756380242355e-07,0.056047129467097584,-0.1853322065959222,0.0571295221954637,0.0006218028897294879,-0.014097809754704494,3.1994098532218076,-0.124015707461776,-0.1388929507498117,-1.4751636801969305e-05
0.006622906308348362,0.0,0.008292091964885026,0.0,0.011579438813245621,0.0,0.0,0.0,0.0,0.0,0.0,0.0,0.0,-4.2787791176889054e-07,-1.2195870307955044e-08,0.0,0.0,0.0,0.0,0.0,0.0,0.0,0.0,8.689090163375567e-05,0.000811490164479587,0.0,0.0,0.0,0.0,-0.14578609215510255,0.0,0.0,0.0,0.0,0.0,0.0,0.0,0.0,0.0,0.0,0.0,0.0,0.0,-0.0008882466057703504,0.0,0.004951941701865344,0.0,0.0,0.00067738646684897,0.0,0.0,0.0,0.0,0.0,0.0,0.0,0.0,-0.07784685965250074,5.189727443090635e-09,-2.3817524956768572e-07,0.0,-5.484386566749684e-06,0.0,-0.15459131514448304,0.0,0.0,0.17374849395865138,0.0,0.0,0.0,0.0,0.0,-0.004879408238186416,0.002697848939021681,0.0,0.0,0.0,3.0596884192826516e-07,0.0,0.000851282392080793,0.0,0.0,0.12190166200952186,0.0,0.0,0.0,-0.0008821524623937858,0.0,-0.13809164685774664,0.0,-0.0009010115511896878,0.0,-4.456584552602191e-07,0.0,0.0,2.8413962763597714e-08,0.0,0.0,0.0,0.0,0.0,0.0,-0.004664866849457616,0.0,0.0,0.0,0.0,0.0,0.0,0.0,0.0,0.0,0.0,0.0,4.2512594381255886e-07,0.0,0.0,-2.4417684519157333e-06,-0.006601823402383899,3.139799113742068e-07,-0.0008790586845554952,-0.001416550163233659,-0.0077844019286944476,0.0,0.0,-0.016585230212860035,-3.5565637661948515e-06,-2.5693949884034303e-07,5.185714813245269e-07,-0.013212079934811584,-0.0032994948110957045,0.0,0.0,-4.2410926529340876e-07,0.0005055399370550985,0.0,-9.178121366001219e-07,0.0,0.04348050323864539,-0.0034397590809881985,0.0,0.01727439330363706,0.0,0.0010297594245392756,0.0,0.008312289383428017,-0.14133005604788054,1.1506058698157982e-08,0.0,-0.0011834505508888098,0.009917011115405503,0.0009551133695249662,0.0,0.004954717114079355,2.8064997859615854e-06,0.0008623561822427143,-0.0008990501997359596,9.50197998373834e-06,0.0,0.008302366977109081,0.0,0.009910170385012533,-9.283531216999871e-07,2.3290721683588787e-06,8.948269042111014e-07,0.0,-1.8115940118141292e-08,0.0,-2.613411982769836e-06,0.008284739363064966,0.0,0.0,0.0,0.0,-0.19234752039341413,0.006665442254028446,1.0516863217910257e-07,0.0,0.0011105094528885743,0.0,3.465668272277598e-06,0.0,0.004955632366252483,0.0,-0.10634027225731461,0.0,0.006624447430954602,-5.861463425348406e-06,0.0,-0.019925656583905063,0.0004501024869104063,0.0,0.022756488160796656,1.6231641796283938e-05,-3.181901735545495e-08,0.0,-3.0673768388489063e-07,-0.10711912999870353,0.0,0.0,0.0,0.0,0.0,0.0,0.0,-0.05393541710075288,0.0,0.002573830033332372,0.0,0.0,0.0,0.0,-0.004644271621581135,-0.005450014299842314,1.0451300084428957e-08,0.0,0.0,0.0,0.0,0.0,0.0,-2.645742432889702e-07,0.0,0.0,-0.004661660029187821,0.0,-3.27557785217157,0.0,0.0,0.0,-3.381182293207114e-08,2.131791738801741e-06,0.0,0.0418773035646318,0.0,0.0,0.001649787229102527,0.0013420859893585153,0.0,0.0003281253037266742,-1.983336948855588e-06,0.0,0.0019098628188288173,-0.0009228495717490412,0.0,0.0,0.0,0.0,-6.30324030413687e-06,0.000988806193930923,-0.00580301552446983,-0.003848145580880295,0.0,0.0,0.0,-0.007420508102377817,-0.6822150532659838,-0.008556536244391741,-0.01644305261081774,0.007922995484392212,0.006654619728084272,0.13232735366073767,-0.028231172139650894,-0.003325908399938127,-1.4577560542381889,-3.558360082408222e-06,-0.01243659949209347,-0.01958945210391451,-0.00816839438358366,-0.4172580108042733,-0.013313433744077136,-0.0038485057511073962,0.0006465816581934952,8.270197925297354e-06,-0.009946034174037147,0.0,0.0,0.0,0.004691654175077132,-0.01169700904552831,0.016631416323829296,-0.04534977589262988,-0.30390962396939813,-0.0968877053836056,-0.009897069330677778,-0.058815818597486164,-0.0003548814500454271,-0.01650171527576967,-0.0020261844155946276,-0.0286061356632441,-3.793810137408529e-07,-0.00342067627775503,-0.07900156249751107,0.048712896789764024,-0.001080430523199158,-0.012303587523650709,0.601227344693608,-0.018236824258206656,0.06729058438050078,-3.2235811656219806e-06
0.010864019621415814,0.0,0.013700885887383302,0.0,0.019132514508046115,0.0,0.0,0.0,0.0,0.0,0.0,0.0,0.0,-1.1000782869706287e-05,-2.791343891878767e-08,0.0,0.0,0.0,0.0,0.0,0.0,0.0,0.0,-6.162963352587922e-05,0.0004670239487184989,0.0,0.0,0.0,0.0,-0.05558082685300381,0.0,0.0,0.0,0.0,0.0,0.0,0.0,0.0,0.0,0.0,0.0,0.0,0.0,-0.0012584631791259836,0.0,0.008182011061327208,0.0,0.0,0.011538707990070441,0.0,0.0,0.0,0.0,0.0,0.0,0.0,0.0,-0.029508633668075542,-1.549812657028471e-08,-7.112647444980531e-07,0.0,-3.654039695331771e-05,0.0,-0.05898129801712087,0.0,0.0,0.1437545996599618,0.0,0.0,0.0,0.0,0.0,0.01662332201193214,0.009124339426491252,0.0,0.0,0.0,4.352501945585575e-07,0.0,0.0004977976758928634,0.0,0.0,0.12190166200952186,0.0,0.0,0.0,-0.001249974305540017,0.0,0.10029801271602723,0.0,-0.0012767003946299463,0.0,-1.3308735810680684e-06,0.0,0.0,-8.485285520574981e-08,0.0,0.0,0.0,0.0,0.0,0.0,-0.002009588833200565,0.0,0.0,0.0,0.0,0.0,0.0,0.0,0.0,0.0,0.0,0.0,5.149691783010515e-07,0.0,0.0,-6.277810519961669e-05,-0.010908083203581848,-9.376408415489972e-07,-0.0005059105778314383,-0.0008274100368842689,-0.0036724185586508,0.0,0.0,0.013701750265472839,-1.0620996191006886e-05,-7.673005794081936e-07,-1.5486143620600107e-06,-0.02183296666559447,-0.005451700497808259,0.0,0.0,-1.0903890601025694e-05,0.008611447078552218,0.0,-2.35970396045386e-05,0.0,-0.003129649035799319,-0.005661769122752375,0.0,-0.0016540155130809128,0.0,0.0005926409631678527,0.0,-0.02746801523648843,-0.08147818283795548,2.6334624635810343e-08,0.0,-0.0006810923577165277,0.016385712822707038,0.0005496811136280891,0.0,0.008188061296504257,6.3470709746335854e-06,0.01468951131636529,-0.0005206514920205276,-1.6301738224586094e-05,0.0,0.013717275321236058,0.0,0.016374409997449275,-2.7685648792184856e-06,2.807166833320579e-05,2.671785546562574e-06,0.0,-5.4099783847834024e-08,0.0,-6.762384979040661e-05,0.013688737305464698,0.0,0.0,0.0,0.0,-0.16173992486245722,-0.0016533200432606028,-6.759739492852648e-07,0.0,-0.0006391137348039763,0.0,-2.2275667376794872e-05,0.0,0.008188109084821274,0.0,-0.08431762197260396,0.0,0.010942761740196583,-0.00015461555817365908,0.0,0.01646141578285404,0.007673065904959107,0.0,0.17191840292170865,-8.073265028256827e-05,-9.502139827993576e-08,0.0,6.778768436987038e-07,0.36567922056927604,0.0,0.0,0.0,0.0,0.0,0.0,0.0,-0.1291510717508268,0.0,0.015363034259830268,0.0,0.0,0.0,0.0,-0.0020010943017468984,-0.002327077099271317,3.121080505911859e-08,0.0,0.0,0.0,0.0,0.0,0.0,-7.901002807605539e-07,0.0,0.0,-0.0021311136062448074,0.0,-1.4739100008451096,0.0,0.0,0.0,-8.69305267401331e-07,-6.366187541199638e-06,0.0,-0.002378439395611422,0.0,0.0,0.0027259160487023647,0.000772389273099753,0.0,0.005140017827788318,-5.9228557574321494e-06,0.0,0.0007199692758233598,0.0005210955700731113,0.0,0.0,0.0,0.0,-1.8823419362691118e-05,0.0005690718056984485,-0.002767516044876715,-0.0018021936487680945,0.0,0.0,0.0,0.03498952973494022,2.6793737316809216,-0.024370469893897243,0.06039740425085114,-0.0012473960460349718,0.010995317696006342,0.7838519555625856,0.20266474310091273,-0.0054972112446729175,6.455172686402544,-9.148578499172319e-05,-0.021644545964084338,-0.02367402593156947,-0.011569231992463718,-0.29964160304520926,-0.012306795238227392,0.014287229649569503,0.012438339025308503,-2.4697361396509897e-05,-0.016441237420560133,0.0,0.0,0.0,0.0009062807879232648,0.054430381336267035,-0.020051895189308857,-0.00942797008029663,1.8194004770743022,2.38448617674044,0.008164264980006797,-0.015125847894979089,0.0075140628933973285,0.01352585738263589,-0.00334665288638865,-0.011695007127379817,-1.1329487018293775e-06,-0.006245542696613041,0.5255326227093651,0.048607845499856715,0.0006218028897294879,0.03684237342284875,1.0571503020493027,-0.02843881227894678,0.42202545815456477,-8.424584867748998e-05
0.049070310721720495,0.0,-0.12285142612551335,0.0,0.08577754431357604,0.0,0.0,0.0,0.0,0.0,0.0,0.0,0.0,-1.9299696372564613e-06,6.927980418253848e-07,0.0,0.0,0.0,0.0,0.0,0.0,0.0,0.0,1.6097874538063568e-05,0.0004670239487184989,0.0,0.0,0.0,0.0,-0.054789461360862206,0.0,0.0,0.0,0.0,0.0,0.0,0.0,0.0,0.0,0.0,0.0,0.0,0.0,0.04507080130104785,0.0,0.03668272751561277,0.0,0.0,0.011538707990070441,0.0,0.0,0.0,0.0,0.0,0.0,0.0,0.0,-0.029508633668075542,5.168203497270523e-09,-2.3718743832201608e-07,0.0,-6.206454095584622e-06,0.0,-0.058434197339429624,0.0,0.0,0.1382363945395157,0.0,0.0,0.0,0.0,0.0,0.01662332201193214,0.026798970586748877,0.0,0.0,0.0,5.743143201177156e-07,0.0,0.00664467098755114,0.0,0.0,0.10907833580601449,0.0,0.0,0.0,0.04476076748953498,0.0,-0.03378940045361438,0.0,0.04571859341761371,0.0,4.438101253661326e-07,0.0,0.0,2.8296118310705987e-08,0.0,0.0,0.0,0.0,0.0,0.0,-0.002632287534091459,0.0,0.0,0.0,0.0,0.0,0.0,0.0,0.0,0.0,0.0,0.0,3.066499672939012e-07,0.0,0.0,-1.1013746781006538e-05,0.024452316238357592,3.1267770685047e-07,-0.0005059105778314383,-0.01109049892620412,-0.0043960560291529446,0.0,0.0,0.0614295883625688,3.5418132256116058e-06,-2.55873864493791e-07,5.16420750961246e-07,0.04893004916276682,0.01222091013803833,0.0,0.0,-1.9129709255417526e-06,0.008611447078552218,0.0,-4.1398480912952255e-06,0.0,-0.0035050207784116847,0.012468451868419833,0.0,0.00994131755129821,0.0,0.0005926409631678527,0.0,0.061565251829189566,-0.08449138328273222,6.536126355826538e-07,0.0,-0.009266850568297347,0.07346270178800568,0.0005496811136280891,0.0,0.03669624820819344,2.480259018244153e-06,0.01468951131636529,-0.0005179801093695023,-2.699505334541677e-06,0.0,0.06150465295530436,0.0,0.0734120273931681,-7.818109905217453e-07,-6.1985469400029016e-06,8.743894028679614e-07,0.0,1.8040805823576252e-08,0.0,-1.1854892820493805e-05,0.06137124685428041,0.0,0.0,0.0,0.0,-0.13978417138155833,-0.0009628538965827669,-1.1859239593570593e-07,0.0,-0.008695695098431653,0.0,-3.908027473683651e-06,0.0,0.036710067020844436,0.0,-0.09080006619214032,0.0,0.04908521620674326,-2.704430030302875e-05,0.0,0.07380210380523386,0.007673908840003194,0.0,0.008697207911675019,4.982096964305867e-05,3.168705073341733e-08,0.0,2.9634563520708566e-07,-0.04674986925765117,0.0,0.0,0.0,0.0,0.0,0.0,0.0,1.6201942169595296,0.0,0.0038572574754276454,0.0,0.0,0.0,0.0,0.018344624648316606,-0.0030753441907658014,1.0407954221288828e-08,0.0,0.0,0.0,0.0,0.0,0.0,-2.6347694450051633e-07,0.0,0.0,-0.0026304779919774685,0.0,-1.458559774018617,0.0,0.0,0.0,-1.5251030689885075e-07,2.1229503169614803e-06,0.0,-0.002630121144344227,0.0,0.0,0.012221205140825683,0.000772389273099753,0.0,0.0008626437428980093,-1.9751112304160255e-06,0.0,0.0007199692758233598,-0.0005293662653369079,0.0,0.0,0.0,0.0,-6.277098160195529e-06,0.0005690718056984485,0.0267839308207765,-0.0021714403395002115,0.0,0.0,0.0,0.007881286156173466,2.3688160633386013,0.01773233927395768,0.06895495319251468,0.04466846024884726,0.049295734259832476,-0.07389546735009196,-0.024278457834941723,0.012318104895086508,5.370383833577564,-1.605020200524639e-05,-0.1046110992171274,0.10705453363635241,0.030575366543553004,-0.3831855743604093,0.0345067006097213,-0.002178710913826018,0.012547677260184496,8.23589799476014e-06,0.036823481237274275,0.0,0.0,0.0,0.08171143011198817,-0.005442808768325067,-0.04357675430325667,0.2922741345682297,0.34819500555467015,-0.9330570803755823,0.03667267873753571,0.023611395253567383,0.007536535025927677,0.061169424882384506,0.008108971945903641,0.018846242532252547,-3.7780756380242355e-07,0.048908992030146946,0.9323967450045183,-0.02298664236664982,0.0006218028897294879,0.048121520932825075,4.485221987580241,-0.135773137445811,-0.02044702150449626,-1.4751636801969305e-05
